3CAC53094D96BAA0D8E34606CEAAA069F4DAD67DE6A0B708A10D9BF1707A2C1EA661BBD42417FC00,478B7E13BEA3BC084C6778FF88796903,AEA6C297EE791CD33745AC3A631F5E15A9C65552
AB6493C9E05C91525CD3FB52EDE1DCC3E0CED22E702EACD705EE6B31F75C5656F855C46259394963,FFFA6A94168C1C54306170F4B38CB68C,C4840C3F0DB31883DD9A6D5094094F5D342667DB
709558746CA4B967552E168B72E3C8529C614C5773CEE5732E334B72F87053EF1C1B7E70ADC7F011,C522127CC323F5087B5919F245AF0A33,354BD1985D8777D1A78305199C472EB33D943736
81E3D28B6809B5C8A828E7FBD60E17B80E680E3BD92ADCA4525F9E148BF2AD743C49C791BB63C0CB,1CBE7F5D91DA76867FBD2CEAB2DA18AC,B5FC39300E31A95650FD3442BEF5F3CB74EBD190
6D7BAF08C581304D3D88052E188340F350FC2633D5C0BB9BD3BECFC14987F53C2ABFA5914DE5E27F,767B85FAC95908207CB10CAC1F9A0C86,90A5C94C1665E542903D27553CEBADC17D947497
FE23BF5D24509AC54A889881006C7B541762A626556A6FC047E5776427921232C289370B5FB0BE24,B0DB7AC50A6F8C1CBF8384F9C6F37FFE,E4350DD52B7BA114B1CDE4DA30A09C3471F554F3
FA0D9E1ECDA99B14786BF99E48C8E02272DE923866519D5EB9AABE41011E5855F0D86875CB3119F3,C4339173F2DDB361B37EC54263A4F58C,D107A25DB13F2384960550D05B6CCC5978E64E96
50EB7FEF46249914B8BA7CD0094A928D135B658A0E595C123420D720A475967DDFD7F678B797F651,EEC85AB69D509051C8E4E2228DFF957D,59577688BF5985AADB8065A237100E9113015810
2ACCE7659BF91A39C2D3E0E507F0FC964A4C617B4D6DE2007683547177E727137FCC99579DED26B0,5A0AE1368CE2D4627269F2419A95EAC0,609CD9E8DA737D9F9BB364078DB03145CF449B6F
B48929FA7900703B39DD2B227A763E058A83D19150A0E799090A026FA637F34339A1658671F5131D,D4A99E2B9D7418ECA5D0D0AA09C8DE7F,02A3A775D2EEFBFA36169F37968D08CF8D83A92D
276AD35BA521898C3EC3E3E70F4A1DCF53EECFEA25285F70AD54085861A480816966210CC91F8066,4922A28B19A626A8894B6DCB279790A5,41C066E2998898F2B52CD69F3E8DAC6FB805AB51
B642D80C58DB614E62A177A627D2B89FA3C36E8C3E50BCC581A981EFC971D2D9869521929889C915,6017568C77F4F9B22A3B6660483BDF90,89837B157EA19AB03BE504048D53E44F3E6428A6
B8A68EEB476CB9D4B942A8D96312709C75948D96E3C5590CBE56457BD504840097108DBBF3ECB09D,1DA0E762F8FC331DAC8467A62C5BDB7D,98239C382148D19E6649CC0DEF0888F976D92B05
A503BC597FB517B403EB749367B499573CEA145B5621C1DE1EA423051B725E0C1A32B224AAE54B2F,1D1A67B9EFFFE5F943EF23703CEE19A4,0B9B27A459BB82B54CE58ABA8BED1AC6C8933710
05197762D7550F7F5A269D0DA1A941209F681BBBA21C7574BF384527DBBB749CB55045803AB402B3,71BC3F7439FC1CCE6AFA50625E6A0578,122BFE80DA95B7B65BEE046F56C850985D3C7182
4D4BEA620D5EEC20C59D522E6399F155643F72DE4EF2AD1C92529CAB3AB25F22C437F6023147C832,3D3DA6031A31B34986558ABB12948961,0A0E33A36186D373408438C1F5CD9C2395EF94E4
0213FC55919A4F41543BB505C8316ADA698329D98F2569CF8DD5389043D0451C7D94FE75051F66A7,74746BE4E8E663886EE5C03877A605E3,9A60AA4CC980A2F25AD78E04B371F0450D684849
F9CF32731AD36E0A3825DDF7E1BF4E7F8807A6FF81ED5A9F9AD6FFEB5886D070E7EF07F880E51E0C,361E3FFD1C8247B3535A0C77DB8B1E17,012E9FA549C3ACAB1D334D09F7FC4DF997055DEE
608B8EF89F2D9BE23539FD76668E28D2EABCE1CDA4738E153B97EE7124FC51AC66E0A85F768C5431,6F30C3EB3F818D91EC83073897511F3E,8AEEC31F095A967C11F62BCF5770858E9E827747
ED4A7A34EC273A655FA6F229DF5DBBAEC198A57FB0D3F834AE8D2A66427096A1569AEEF292E23F73,28D75964A6AD719DB5B359AA27A2883C,DAD8F5A8947134E3BEE07E2C3761EA2D139D3F64
7E46D1D63B2443AD452937551DC1F70F021E28D461F86F5D4E89685EBCFF1832A0975B83E921E0D8,6BB3D0AAB9C822FBB7CF718C1A9AD0A8,4516A7A52294E167A76F45165CD3A9F958FCE0DC
496C3D02ED4A68605DEBD220F3E150F33C2BC195D274684B884088A2F123278A58E5141B311D220E,1D7652E88A61F5D0A35E4AA84E71BCA0,87F0A4771B97936A5732E569107AA094A9DA57A8
0F1982617420987167C580E1A7055E5BD0D2ABE054D1F7D4BFE21743D0F18781DCC9BDBACE9310EB,131E42C5202F64EDBB45B43FE893BED9,1DA65AC1108ACFEEF23A4C37E72786A4EFF51C9F
69357FE6CC6881B7E31145B1D521DE8327FA3FE2C36430B0F01E94795D90D09A9D138EBB772CE894,7784A7A37FD8631383F28381FDBDD104,E06FC6E9F6A19263AD62409DC6586247B8E3BA66
72C7426F936E20E5DFA6A86B3C0AB963C161FD4502B1B5D09F7C7FB3D39EC319CC56981AB2E3363A,CBC1E2D3EBC178D53CBBB424732C463F,5A83ADBB2C07C8272BF1B6B29595F7C4A3D8B6C7
F5B9BD47AB8EE0D574249463CA0838A2170F109045E40EDB185F7F17C127F23EAD67F2DC87E56B17,587D956995691DB1EEC47F128086DCD2,E2F7D74E700AA0F3E17E328442E3A42374C94463
3F8D27E42A744E5B3B01B07798BA59E6828FF47DC19FFBC4FB90E540F1FD62D36C8D7BF1AF288F47,544478B303A777CDF983C7644DF7A1A3,7371AA3928A5E1B0E8437988674395474E70EB07
98DA1423264E5FC2B895E9CAE37D02E44B47A6CB54477CDA5957DD24DE09D633FF9C1ADA7715E06A,348D69188FB84A007FF72DFA32FE46CE,99BB61798B3CED3F500AAAA5E14AD7676D9F71B7
6CC9BAB48A6A2D0C55697C151D6CDA259900F1A957BEA273B39AFCFF80D70951502B209C956CBEBC,2EAE2FD6B8CF5015BB9539142B503526,4A4ED7113C85AF209F2010ED822F446D7BE77547
C95FFF0D022D5B6694A1A4EF46DB666B1C73EBB1743230E91663FA1ACA4B63FDD38B60609B64A07A,B98807F89C401461F0D530B7F97859DA,610AF20FA36A58181B58F8C785AC9C8588419DAA
1501E6BA3BEEBE214E3F0C9636237C00761BD7C28C9525024CE8B9BCDBFD9B185FACDE1EE5A28AAE,194ECFE960FEFF1BAA20285A41DE96D3,A1B5C3BDC377E416F6E31A49161B2C667C580636
84D797D070496919FC554B29CD7947227B798F6B75A513554A265E1B67502AABCA8C4B563DA2DEC3,D8FB26C117D176C8D320E39168F0BE9D,0DA66E5AC886E36F98BABFEC4D461A9FD5B37CC5
01297C1ADAFD03B9190ECF0310E0317E154E64F9C49B184B790C8F80BE9053CD0C63F0CE26DE1CC5,24D34D26090A96574512090C0830144A,33B6C853513C4A66E18914991A903140914384CA
0DBA57E5197F48A12ED78A307526C8AAFE50D82B55D41285E51DA18726827A02F988F0ACDFBA8EFD,607DD88E3781E7B8A73D8C6E3C23A0A3,FD312A2F283FF4E0AFDDCBC75FE5B751E2C80E16
8C2604994D48A8609D50FD6AA15A2B5C5053FE9C8853E3AC2CF7AE40E2C177D0A2D83C3D65CEACE3,9256D449200401ADFB77EF56C8996FE2,1BC989073D5F911D6CDBDAB41ECE8846331EC0F4
006862E3449B2B1B0723BD0A03C681260316FF72E8537D06549644734C0B2A81D07E9D8927CF729B,9266F9548B6C17557E76559EB23E0FAB,6A27F37A1C4C0FDAB53E7674E53B0458CDBC6D6A
BADE61BBAEEE6BA62F0B76EF630B3CE93A27636715CA406E4699EB6C86DDEAFCFB24F00A69DD4FC0,21EFDFDA87DB9DABA15A62EF8C1D1A26,30DC72CE14A29A9CC3FDC330029308E90D228B39
C3C9A3DA3E2CE1C9449708093124F472C92CC802A8C3C66DDA312812D8EE29E49523861DA8D471DF,00492ECB8DC377C6D18E80DEAE15E8D4,C006B57C2463A7C6E860AB33541D89C1A59E0A1D
F55CA192D0CDD8C42A577815AF02D81D5C2974656189412D53DBDA80925E871C68517E37609F040B,8784349E5DCA46F2126F73ADFCE067F7,99AA3C26896FB0DBA59F5F592B85861B31264463
25F5A8D55A3490AA7BE9515CB4AEDFCF067DC9E9CDE54AFB8C1E167A002AB604C1408515F18154C6,17567B3FA7F5080651A2A0A5AFDFCC3D,414430EF59D98395EF04B1CEF62E352AD57F77DD
B1D3D4BC9EE0F4B2585D1F690F3968752133104519D81A00C16BAE0ABE789D306A19451D176B5A32,C6BEC62B0EA2CFB37070D721FE708A2F,302DD5FCFCCAD756C27FDFBDBFC2442EA397E7DC
9E0EC87F6F75C9B51940C540CB2798D99A87E9DF25BAA1B83FBC42E3FE61A32DE5BA46CAEF43AC75,854466943D78869899D9023CB94FF6B7,3EEB1AB13947370F757E253C3497662FBEB3A7BD
9A1FCA07F3AE95A56881B87B3352A6EF81A0EAFAF774675A409248AB5951BCB66659BC321B92535E,1E5ADF36A40FE58492F40B9C96CB27B2,7590101D4C3EDFBBF7084CF00095BD42986902BD
2A115D8867F3B18BC6D76BAF93749FDE887B2C4E385FF6523AC5C0645CBD4E40647FB342F6339D23,EA8010178C0F97777CAA16A66CF38CB1,37D137FC4F9838F07A19ED8D252A64369128A137
C13E0152660C1B849DC0EF5985991D5C55601088E051825B2D2BC6AD26DF8DFE8A2A79C43E082941,A70426AD0383ECF99663B93688611EA9,1070295FF3CCA3B7F0BD4605F9D09B9B743390D5
D4235A86F4CE9F18AFEF1C067289D27CAFA4EB265D97914E7617CD49B0814E320F440B44A1B8A8A2,DF571249B67DAF60932176ACDEEB4B37,D1D976FABB0E7CD2243C82B1FD909EAC6118DFE7
CE82B6BACAA6E671EA633616D6AC786F57075BCD6869F358CD41C46BA64620EA8C1E8026655BF396,EB08AB4CBD864F32B040B2690667F44C,8879E842D11AB46D439F7628FB499332824D1D8A
CADF95A9B5F27511B53BC8F0C1ACA72AE8C6DB5AD3BD9D7008B261328EF5A008FE923A5DB1EA2DD2,58FF320BACFEA24E75BE7E05944B2A63,4E7E1D752BB239C73ECC782C3E1BC1528466CDCD
3781C5E9D5797A18BFF2F3AFDF8B1E69F89BD21A4A669C6538AA1496C683009B1478EEA7562AFBA4,8B3D5788AC70685160A2FB5FA690DE30,C1674D82DB862EE93354A839A8B6C7BE44DD58B8
36A8CCA86D076113DCF9C6958AA3C56104B8844B2128772F4772980F1FD6448B1566139B235106F3,641AC1FF23281AC68615F45D2A8AADA6,73F8E8BB9CC636843182E436FD0CD4BEABBEBD6E
AFD54FB82758FC526E30752B2F77AF83AC97C8307D6D2C6C7DF9E93443F5AFE9FE93EAEFE273C829,A3C37361263DFF23B6059F7BD19505A1,99E87487609CA33D9EB51A685CF96AEFF36489B0
816D745BA21EB3AED4E407F69CF28B45210CEC3AA75EC0D7395FFFCCAE18C216E6584576BF2322D7,C56B70EE37B1DDB3EFC41C3A30E9F057,693A4E9FBF76BAA12EB377FA8DE689DFCC8C506C
7D8C9DF249D7D345215E34F23E8EB95F78A00A8C2B186232191F9CF3C8C9975CB2624BAC0078CC4A,E39EF5ABF445ECC1EEAFA2B01280892C,B1A05D35C17B6E93EEE63C9A67D6EAD3464812EF
8F163A712AD993F42D728D1945BD35B6F73E54CEE5C94D7E64807714301D91B973582D6CB80B2989,053AAD57B697EFFA54AEF96CA22C4B3B,A93B13760E16CB15397DF4A2E89D3DCF0F05DBEF
B27749875377A0796717D224AB3D2EF4FE0F35F67694E3A12BFB1D2D89F3FB7F2E2D1E1013CE4F06,FC83032857F2EDBCA9FD747CA9CDD27E,63C21F7E0FCD78F0B1ACD208FC63D414787BAABA
A2FD484D69E12398FB810B07FCD416FE9A7F919EEC9CA068B2333320158A5801CB715A17B67B4986,465C81D827B01A6953FE4448C97088E2,CB77FB873792E6D3F2558E92089A51404CEFBCA2
A973B5937A27FC9BC1B0AF1DF5CF09487706959EE1952F9B880A677A07F1F7718670B561EB428657,66C60877BEC1ADBB392F1C2811EDE8BB,1B5CEB040D42749B7E7B539AA847F33BCDE6CDE2
DDC4202250DEFFCE99234053422B56888EF2ABC5E710909814462D8464D816AC5545AD583140DCD2,FBC994DDC9B3B47F2A79D720D7F488CB,249444DB217D07A37027DEA46754067657EA83B7
172D34D2C854136A47991812001FBB582CA64D08AD4ED4C1172DC484393651B68FCD9F921C79F2E9,47D9020B51FA077BF4C1A2C1914A1CEA,EE318AAF2A5F5662F1DC98C2ED9713404BBD5496
AE3D520382C56FE63974BC14E64B341B0C700B7EEF09FDAEF925B151814216FB43D9B09175D41084,F03DB8884E79D09B15281055799D30BE,D2BE245CC20836502A7EC637C337415847F2529D
5CE7295C891EF29D8BC7B4109C8BD4A82D0EC43DFE057772F61076CC57D5B939D5C3C41F44BBD395,33EDEB155F21483BE8563701F51C0E94,8B8900F428975CF795DF8028CB07627AC0F23F3E
A057E8D7D6EC90A2AD28FC3A29ECDC9AC16DA9FDD875A63E5E8C75708DDC0928A1BB9DE12A2F821E,9888AB3D0CE3BD90FFA15620856983DC,2FDA2DAD9A7F3091C4558A4C1DC9D40D7CDD152F
E166F011BA5E838AA95686AEA83BB108510BAA23055AF05AFFC4FD9BDBE849793B2FD524B5D92212,5D17D089A40BAEE6E74AC01B758CAAC0,5BB33F0D52C449E8078C3CA811CED5A99F244E51
65EBCB666626547F71F062AE5420837836773832169A43FAC6C7AE0244E7C45F02B0C3098E52A4A6,9710B180514A8B0D2CEA1A7C72D7CDDD,E0117F48E80FF22160F4A24866BEEB7A032A6D81
B7D99861D5DD06B80BADE9F5F757B7AA17035E700922BE36D9E3A2A596BEEC7BE21B016D92E767F9,EBAE54C1222689DE3D1AD22A9FA2F8EA,7203BE3B053D121F56C12624ACF507076EB10D0A
2468AC4A0ABBFA672DBFAA45F1E4D3386DBDFBC6B97D7176D6467DBF4FC94321CA73A2A7B69F43EC,BE6A025A372B8944A5833AE21B338AEE,3A88096A6EBFEFA51F9A8D18D008AE9B5DA8F7B6
5BD512E7C2563C95311E75E58C36634431B72086F88DCA9B1178AD02A62208E729998E3D3C603A1D,13F7465C2654041DECC50431005F77B6,E66F095540663C0C0CA37351486F1516297108F3
FE778396F1507CF263021CDA621428D4250032A74AA5781E67E59566F4F4077A0C012B89597104F1,BEC343F1F37390BBF020DFCFEEBCCFE5,1EFD715AD1899504CE8F3A5F5F03E3365233B9A8
A23858E4FD5F7E1357656E19F474BCE9E99279634C040E99399A1FB50513D533BC475E1719232E0F,AD58E86AD7A021416192320D06633FAC,7492688D7852A6BF51EFBD9EF8DFF3FC236F0538
7B7CF5C9B5D0546FE7936BB65BA7C34BE5462E66D8459DC3C93E3FB94BA1D0012DBC9A2239A752E0,0D364A46648A67AB03D36480ABC35543,BD67DF0A28C98E13C5EBF882A2876255DAAC06E6
4C74D3CED92F566FEA618830655096934019F7593C4378577896AAA9FB616B9033F7A1BE8F89A5E9,44433052377D10504BB6B31F4280940C,BB8ECEAC8B86AAEDFD38B761756A52A1749921AC
1BB81A4B61F0C59A925699AD0D24EF56E4C1FD61E606FC3F10EDDC78601B2C689EC4FEAD2B51BACD,041B076F357D32B581F4A6D661A7B21F,70843DCABEDE5EDC462F5C674D1EF9D18879025E
7B4D207E94C0450D4CB71BE1F5E42E6CC143F018CA51B8ABCAD0D8AD210C7843A52A87FECAD3C644,7F7B2C72F5B88B5054EA3135071F40E8,98EB11677394F741A0405D56204F12ADB78A6878
BFE0513C44E1774EBBF8951DDC76643F78A85B4C78800BFD798E58439EB648B4995CEACE03827EB4,A4372421914108F40EB4B587F6CFF8E1,9EB836ABADDA05A794322DF32BABFC310C0EA1DA
FD036135CE052B9FD18491027BA083E1D4459330CE0834937C47E08C16746E80E2C5887FC4472D9A,3BCAC87296685F3B4498C5141651FEC8,3FFD96CC457B63DBAA73D4DEA75EB85B023E3EB8
121B7185F875E7B4B9C6F1A83A81B781D4F2180B485D7AE21718C51DE37960678541036513447B74,58A8333AF193591B94C9C5F1DED1DC71,A578EB3C751361E6E6138E823489EC016D57FBF5
BBAD89283E54DC1084D67D33E341CAE7DBDAEEFB88115117F5494E8867C17DAE5A80E214185F00E9,FAF67D501AE0525E77BAD3CE6F74EF7C,2157FEECF5BD0966B0482C2FFC9C3F34B4D5C1C2
4A2494AE250A6043D6C931CE3B8A14E1A6F6DFDD0FC92FB7BDA5A73CB5D26D59A60EE88BC5AF39CF,0F52C1EC4FC8231B254423A1C7590852,D174F04989D2787A17E04BB3CF85ED5B9A897BF1
E7619EAA4B11F71BFE4263F7C255A13DC9BCF8D887CD193B5A46A7D95EA643A26985C6C7966E1E47,C81E323123BD4E02DFF9AC7A996A7FB7,C5F9CC33512F56D46354F12D1FF2953393682B30
F5C452A9E49B650B84987DEEDA54301D562FF2A8A7764E1CC2C3817F47FFCB05A1A7B446D19E9895,8D73E943840347D41A1549DD71984C6A,741044CEA86A55161E6EC1F755A45EB6B6DC5F2A
EE7B1DE81D4C709C2C360140378B8794AF7E73001A94D8B2E2D33761A72CB71683DE544B58DBCAD5,FF9228DFB4C12B85738D6A7E5623AFF7,A00ECF97CB475D10B8B6E76E35110C75D4D878DC
9F342B5C458EBD676961BA682C3A0B8121385F15DE324D396CC89A76C2A1C25EBAC42C37501A220A,CF4E4E1CC38512A2790AAB6C89F41431,8AA04BA0DC322E25AD8A4519A1E088FAA7F0740C
A503C351705E1FCF87C218AADF8486A062329B0F0172C923508B414A5A0F5C237BCF4D34A6E238C8,009399AB67CDF151229697D2F5BF840C,C9D80E385E299918FC8483245B8A7CF30618F562
1AE73630B4061E87D958EC2128451A679804509EAE7144CC8067D17F87488B1430E88C76669B5C42,B96DCB710E55C924A083673CB1D63E65,ADFFBB259BE69D4038419A71FACED1D55E974876
E53A1C50B6D9DB709C44455D83DA6880E797F59CA6455DA40614AB45C887418E2F3F8FB91EC32A3F,D674E91795F36B56FF0E91D49CED7D29,19DB92D74A907C6934157FF37749C7FAD81C18F5
27DDCC9FF1F5D92816EC4413EFB4D3BAB1AEAA1BD109ED3C22552A1968E4988093F187BB70ED6756,8D1EBF9192207CECA35F54DA406B71BB,0CCCACE4082283427B888313A494BE85D128A3AD
C988C9BC4DE8C9E6071505789A887C835C841307B8F28F6FEE5E1990713E3A74E6BA502B8237A8CE,48176A63ADD93F55CD97AE75B53167E1,7BA2B1A28419223FC9A609D330F986B727D706C9
6B14CDBD789835A2C5739E7C8C9990F54B5CEE0E04D3E7EDD6B55F2EDD44A067F072C85AA4556820,B10BEBA9937AAA00D16B74739B9D56E2,39600C2BACDEAB50588F178E7028B06C372D8DF6
187B70205E5AAA0E67E895AC1B0F2F59C7E33C4D193BAE455B2D2D2D61C2DC6FFD0C173C14948B33,206BFBA79760FB4AEF65546C06AFE937,F50592F7AD2F86D01626DF3737E6C72BC849CBAE
15CA2A879C64391C06E0D02820973DD12F72190471DD11C63D6414BE7508ED28711E5D75C5C36137,C46A40988E888EA0F5293D7A17C8C821,FBE15E6F7CDF3C9F34D4E23CC7B3FCDFF6EF4769
082731C49BE5FD7A8570CA0E98F3B0F409B8C8D4C0C35F825F4DD1E0EAB0BCD646DBDFBCE7B9130A,A118A919F22F31F8E146A21D55E8BB79,575F05C7EB24AE3072920C768668AC4F6D567961
614076B0E21B94F622BC6207C2A5E871CC5CF617E76578793F6A4EDAB09425B57B07E5F74E193CBA,1027945980533DAF54CF1B77700652F4,059EB5EAF33C7397C2F0A9351CADA9743D667E69
CCD94830B022947222C455685FDAFB65EF1177FD07D0D9C2156AE603D9926E2487F268E7DC2E9F55,F0A8DED0119E2D9B03BB3EFC945ABB2A,B363D678578E195834FD6780DB7D827AA27CDC25
49A3F15695C1DF81673A983864028D661822FBA9839F150F715AEA3754676157FB96DE603EC2BA76,52722FBF43B13AADCB5AE26B722F8667,CA9DCCE910D10082E7AF28DF6F7762C8E8131648
02C9DD2A98AD31A57A7F7554B834D74765048AD3078F47F712CD43A5EAAD7CFE7C96CD4B15F6CA9A,B48BEB9578076DD152218E078AD15696,915879BD6DD3CA2AAACCAA6F7179D995C6B2BCC7
E5EAF11F4D15036B07BDB8EC0D02D7C6AE2EC35C03B8D59A2E4CB8FF1959DCDD45BD9293F4015CB0,34A95BB01DD96422B281C5F5066D1255,A27B04E8B0B467345A2AFF6D2E713BB6A16704E5
75A5328E64231E1899FCD55B5ADBF032B3B0070978EB2EC691FF37B188BB69D21E68B6A63B188555,5C9196D6A6AECBF525586F7C38EB56F6,1F62BB6126E0EC03BFD9D245DBF2228B9E21D27C
EBC792A748EB9AF99CC8F1338611D1730C6A093D6619AFC6D3ACF917DBE0698E311307128AC90ACC,47800EFEF1B6015BFFF5958F5BD0D5BC,697B79C572B79D08DDD4BF6753AAE99BB3298764
E4045E5368D45906D18852BA9A2FB34A98A4380E647CDA285393E201EB80D02D5F8C348432C411B7,3EF5D8032C539BE001ECF763B969EBAD,660819360A0C569FF18C6BF13B1E96F1186496C4
7350624C93D7D41BD03C9B7218F8DA9A4888906F51DAA340E7D7568B9F77B3D3971368D1A0E3EE72,08DA227AB6B4A0563FF5E80F6A68766F,21D63F19C6166E78B33EDBBF2239EE141A899AD7
