645D8BDA2B23AE6CD845B7708733CD9C4CCA3CD1D2ED633B7478E75D7C4801E7,78984E65521BDBF671DF11624B1CDBF346E10FCC822A7E59A2B3311DF6030C4ADAB2222AD8293956
F40CFBD58B6411F93DCA9B10F1A663884DD1FBEF7D32F8CD13170DFAF373D133,254D2A9E64DEB5A10CD1D2429DEE6A5B4B63D0BA14F61360532E947AF07C6723729DD04A0E98809A
216DC870E8BED56A1FDC8971C3DE127C9273DC7B6BE0A88B25E9FE8C097BC39A,4599CD5B76B33D52A863D3A0546863DA4E8F9C4FF5EA3FD70C76AD6263FD6FDD98AB02A9362A04DD
E25F74C1A26D16F18520827EAD5C686E587E2F515694D3DD53519567AA28C187,CD094B14FF2E975C1F8D5B8C057C315AEB23DC4F9CB4F6BA97BFAAD518A9B699F92C1EAA05A38EDD
D619193EAE5E8C9F7E0776B45B2A50AB5A33CEF179171C508E6D0E23FF5A3DE1,7395D4E4F23F09F5769FEF83A9BA24EF996FF63CCA901D3A62EB3ECEEA552990472DC3353C59CA1D
1171A4160DFC8FAF187807F7548597670976BE695A4F965D210391C52D4DC96B,3E3DAAA00B57F7E71DCBC8D4B7AE17585B0A0CAAFD92D8785F395F449E2AF155B8CFF882993B1D3B
0211431335819242FA9A085FC6887B27D5E04CF2D158A2D8A435A446D5832F94,70406D2FE318EC635C5B2C1337E5C4149DD4CAA2E3747C9025C014278D566BEDC549B610B03BE598
8A5C929863E036AAB7FBAE235C601FE5C1792DF61202DA3D00BCC5689E007C47,7D72A504C4FDF2755DA93D2D8042BCBD216414BDA72D737A56580E92ADD38A79CA77B8AF6D76AB58
BDB4CC7A064DB258D8BA156A67BF599DC9BB0910947BA46B19858E27E0675ED3,3EC7A71F3BE48224DE24C0D28924CEFBF48556DCE88540D90F94C5EA49B1E623F0E1AA053D4AF90A
19C7AACA8852A68DEB1384CA31788F51A205D4CD566A70B33C7E690E6DEAE14E,2210B43D7EBDC5F09818E08F2C36F20A5A5085093ECB7CB80179E6096A54EDCC71F84271D845FEA3
BD09365678A8F5919EFC09E261E3A21F86DC013D76CD034130C6B73942FA0600,ED6D6C94835933FA961BD19BC6962533FEC1255A5AB0599C707188356ED4D29BF6DD2B72197E8FF2
BF8B417960A8724013BC041497FA2418C7C9A25591FAF4B9D5B9D9B22DC5273C,0798CB4EB28720E17E1907EA16D61E7806D18EC6DDC319709597ECA3174ADA7554DD2E0956C849D6
50D87193582B08BEE0AC2D45D8C812DBFE89A413B6530B2CCC3AEB582DE47119,03530E92D5FB12225A1DAF5066C7B6C9BD2D0856D04AA08A888D4A0CA6F6ACFCDED42E209736A474
3C5381DA6BCF55B3F176CDA9DA5246360A995750AD35A0DBE3FEA1D9E937E761,88083399EFF3CB66B5B185A54CAC158B6C21E393BA2DC4987128D9500D214270A622E38A8F52EB45
8BF65C43A1824A855B804B2FD48499ABEEB43CB8BE7514CC1F828A8F72C8C0E0,41A142DC6F54A1C9B564392CC08CCFFF7B0A20ED8747BC9E519AAC85297F7668D554908BD5DE6578
02B0A5F4DB252295E6F6119152B19EB0922458AEAED11562C0F153AD0C3BC4E6,6C99C85B61EABBCBF732E3BC616DEFA072064489D8EBCC42384185E1793CDA1678AA90A7878A543F
F479362F7811B2FFF9F5E4D7DC9F68FC5B62E8AB99AC3748A8ED61E1412B7CD4,4075080D2504C0569BD135ED5028AA2F8275CE007253AD3CD2719796B3D703B0B463D6D53AEB2FBE
AD0C0F12BC3F0EA4B50AF241D82D22A2107BB6DD08BF4E6581CC6094695FC50B,54D5F743F5122499032AFEE68D358557023A3C5F210F16579C71CF20BE813399B1E28EF94F020EFB
F38A3D98E42EEE2BAC59DE40CEB737AD60B8B709DF12D96AFD98347AA9225C33,6CAA08EC7DCD4481455BE709F3E702CF5C88FCC85161219406A3432430E8B8036A90D2C958C2A207
468544160DC62B80DAE936A6BD257463D434215AD48E2D5BC55B4CDC0019FF86,895F34F38042EFFD5A8D6D4D6488654B6A667EE4F6DC9289CE5C3B30062199787B591704D180FD20
771CAA0A76D7EEAE0973FF9E0B51EA319F2B1982378B1EFA8357BF30224158DF,B8BE1AF89C7BCEF157FFB3AD437653334AC4F815AD72A0025EDB1E09E1E80929353217282DCB4718
9AE1C3FF2D1C771364588BBD9FE6097EC3A573BD5E5BCF4A67A6359364CB25EE,1AA1F436A3E5225BC6DDE1F4DE858D4FBB8E2B50D6EAE778A2F81B63A2F71E5147BF6B25B25069D6
1C02BD3FF5C225A651E93D4C1983CB9CD2D94258B48D1E2CC55F452C187D266C,679187F29BCF1E9599A10D611FB4B67CFCF7D7AA29964C9219387A74F7528ED8E7A5D5B74E472262
E6C43926A90FB86C35CD923A839D4AA02EBC1C4275779482A3353BC6F1C9502C,38080477C9193666E560820F473E26FB88674825DEFFBFAB14638BD2C0472B203D997BFD06536A1D
4CE87474FF9021ADE7E99E9FD09241748238D219F1D985281A530F6EA7566CDF,C6604E694DEBAA87E374F6B3FDCE98D925EE8BCA65BE8AB08766ED3B47546BD39080EA204C8EEA4D
3585B7DB5ED1F34D96D2C9B1C56DE2D669AA864D4E5DBCF01AAD4EA1C5C11550,A67D77421D10C48997E308553CD9831F0A636FAEE9958D5243BB56BD28D4990C5BC64C851EBBCB4F
B0394BB125B4FA59072203322D0CA99E4AFBDBD56732FD28A32CC2C69E005B94,036CE7F80B094B8D46FF45D4EBE3E9792747362D96D97E29D2BEF092A53CDB27A6C4ACC374FC0E80
FC619010DB1201872D1CBF0F33B3B1AC29220128142C25445E4D21635AD16E10,8601CBADAF06F14AABBA6A753FEDEDA8D6563D72230C8C00E16D68AAA897480FD847A8179DF0DE4E
6F73CCC71CAF9A1ABE43066A314B035B4E794FB88B35B968D1D41757F5ABFE98,19C01ECFF739300C2B14BAB7DD7CFCBDE9E63AB2E98F94B83578097E9861D2EAA8F8D77FE7E1E11F
14AAA833CD02AD37964742F1CE6072F6BE2CEB9C5461D5F910C7A551993909ED,24FF1BE928D50EFC644EC0E8113AD2676591F396310B09B7B7D69E1CD71236C5021FDA4D6647C4CB
DDB85B5D3FD54BBA294550796283014F3D85F1A4CF0F311BED31C82ACF98FB1F,9AA67628EFC1A363EB05ED216A288C7261AA4436A68524E097A835532833698A9D3DEB065EBED143
D36137E19D92E75405077661A328AB00A408E781FBF17752838EEB52380EA2A4,5AE686EDDFA63A71DA7C0E736C2AF3E96512C93D532E41BE9EE766A462651A42349B0424E7958D1F
E7041CAC0D8751D1FEEB8AECCA5919F9936526FD231CB09BC7B9F2700EA70637,5D50EAF55A22ACB4F4E24F900E2A96ABA1EC70A846A381AB0B17BA8DD4A6F4533BDFF02B7B54CDD1
6F459B955A333E0FCC7623B459141F36F92C61348E6A6BF4BE29945303975D37,CB8F9E6C6B518D06769FAED500D75756BE5F33F72C5084F5F529DF03DBA99FA8373E32D13BE7FB3E
D751E8915E4CBC0E2C73658462FDAB87024213BC3C87018858E3729A9CE9E070,A0FE55AA2FF603E8705B71A5AA6F40D6EDDCA57CBD11A0605337967588F68538957E5E17BAA046DA
9CEFE3EAFD345AFD9259A04DD169CDA8E0252F8B494E339AE6FFCBAF76787C65,49408665A4CE8A3C13F710415D921E79D7D4534A33E7DEE15F630C57EB4AB95C99F759AD2F0D082B
0EF96899E0889B9EB12532ABAB5BEA171C3CBE6B429B30BE4F652AFDFF66DD63,23250692C06A4C67E3739AA31339A02B0069B8A39BDD3D3F1DB061D75BAF6A167329FD22B6C5AF9F
1329DF99EDE53CC69DA5DAE51A86C52880E719BC77516EAD4DB1F9C0DA9A648F,AB8002B54D027F70117A3322D4E3DFB60F9680F500C7712047FBD7A1685B4CAB7C2AA968D6ABC8EA
B1CCE65EE2D19A307971452DACC7637466E5283B89ED56FDF29A308E57A683AC,BD6F86711047D85F1EB3C1FCF081DD4FA749AE210B4EB59CEB4B881D6D38A7749109037B2F743795
9FAB27E308C55C6018F316312AAD2FDD3E45F4D3904E585DE9531DB6B1BD7936,AA6B1384885CAD2CE1FB27EEE310C35C1F6AF314D118F0E90877D99536B0E6DC20AE7869E5CD9B52
97009D966436D5124F9EC70561E423FA6DB2C11CC9317D7367DBA2F99A593A58,B4BE70C94099D37D5CDBB6E3B8B927134368314BF541E3286BD2EA9A4F8A14AECCFD248C407EB0E6
56345C79E75E7A41E75F002E2F6605B6D38F90AD3B12B4D737915CD5D422C58B,5A3FF3CBFBE8F7DDA0C930B97AA79CD572AA26C14BED096D1C14FF39CDD75F90E68B23C4C981C7B4
63BDE8F8C7D13F979FF0488F93ECA3027C836FB80F17477D9C81D2C2B92863F4,2BA091CE7967E4B1B5FC39962A35899DC3FA2A0682557A57F78AC112E057C1A7D5C3E4FD022594E1
8118DE98AC10AA5B57A7FFD78A868110A479F451C4046CD318E4CB8169AA9F70,DDDF0D32AD6585335A2301FB811F5C744E07D38D97A721D87CEDD7DC7703E1D71B1BE057340E6666
289A378F53D3F1321D323FD61DE2E36A874E72A2C44A94F67B875DA6D6433A89,5F3F601D3DA0D157839E6A033A0FA694CB68BE5A86AB0BCA4FC8AB71B0CB3463B801F6FBE86E9A24
A2A99025AD0A17165F6312A943241303476FA7D8BE15D9CDE16E45250E59D3EF,970525DA80E41FC3038D5DD9C20EEC23C8F8A9DB15AE28BBD0A44A7C11881E2848D99A9AED3C0570
770484D18E665A0961B334AF517CFB56AFA1A9AAB4FAD71998C54D23E76FC7E2,6C62C9D5A73FDF2833868987EA1653CFF871ADEEF41AA528DC28D7D696B93AB19B48BCC45D2F1581
EA938FD0E4BA0526AC3500FCD55919E809FA25B49D65B7809CDB9A470721A7D2,CCB47F95D5799256839B92040DBD08BC0D6DD695EFF406F8810C722531E27C23913846E4490D9266
D90C3A5967AEC6F02DDBDFFBEB9197DEDD73C76D89C0692B096347915579777D,68F07CBA44C3307469D26E39652D9D9624D7E8DAB2D6C7D29414A0A64E93E183DED80FFA3AC5408E
9D32F0EE32F098F7674693F7B5D6A44803071A4940E1ED79AACE1B26ED48C8CA,0C8B9B0E0BA1974E72876382090EB917111D48A6FA3901E76502E669942590CC2558E3D38D783765
EB56B10B6CA8D84829F6BA5FF93F27B554238CABDFD44666BEBDF3C3049A1054,7D41472552C936F2CC3FB32B26FD54F17587EA800681BE97F81A0581E58A59B845A5C2D705766EC6
BEB1A0B859D09B46C6391ED3BA292E1656C8C36634386687A177B10144E7A195,8C6FF2986C28F3F686631E2FCDAEDD9885D09617F3CC9151EE2D312C7C95EBF3C4D3F6CAAB8B466A
5421AB91FB83DCAC12FFF31D1BC0634FBF2E97224859D58A730BB84D43E5654C,1DE7A98E4D125305FFB42F2F502FDA4ACA94EF210D917D72A8B0C079CD1F0D4DE9A49ADD8A1463C5
046DB2D04078B65C64C9C71CE74FDED14C9C6FDD687881DDFABBF64561584767,FC197E1C059D700F55BF63DA5C78DD33941397AAB4FA92563F809EBCBCB0F1E4CAB20347C6EB1ECE
A680775C58AE86A29FB93F1FBADA6CD05C07DBFC175C29FF3AC9B45F02CFE068,CDA949551A0B15C729BD66D781E9A5D7375C89DD2E1F576FC562DCF3C053EE39F65866F91521314A
3930836E2CDE6A49AA7D051C7B69AE9821A599DD696EA69C338F886D96022513,2DE5FD858450B1E51123562D25EB8C107D6245D3560F09CCCDD10213BBA931BD648FBB91FED37F40
71BAF39EDF19F2C86478303B2AE19A18FBF0F765C9B99104A51F5732441B85D5,6C935A53B7C3BD37C8E14208EF2DDB112E6816612F54BA6CFAECA4AA4C43F166CB104D41ED723C49
C0FD88326B9CC441260D8ED969B451FDCB83B02B1A7692D6E52C6815B8EC23E5,3D9ECEEE1089AE74DED51A0B6BA5B20886E3C14A96E45BCA6BDD4764B2E87564B739886DFE0EBD63
62BC6B33B6DB7E1E3064AF902F37D2B03860BBB3A645E6F03CF563A4C23AB1DD,4F1B071933C1804ED1C8CD35E34F0C6C25289FE926C7B33059518EA2E8911EE65B6B7B8D041495D9
355F6F9EF689D132A0276C9140DFEE0B838E9A271643EEA5305D29044CC5A0BE,5F3CE55B7EECBBAD89A3E5D8BA980C14108800379166F54338585E53085237A514C41593295DD062
610E11DE38450E4E039FC8BE8DD58B5BD28EBF33D0CC676EEF64EB697BC30972,7DC0E844D4DEE389D4FC5281708287484D974914B2B7BF4164A1923EC009AD56D505C2C648ED1103
FF7AE105F172D1A200C04B949A96BE002593403C37E552A2D3472ACA80DECFE6,037F5851512099A88E16E945C3DAE5435EAE1C6A1518933155E831EAB2A4B6696CBEC96A258F267F
30107A28DEBC1B7EA8E9E2DD1C4CA51A80C064361FCF84E0D33658EA79A2BE30,8523BBF1D2EBDDD2784E5499A825A2D15BE684F968C8331EA8EE6B1EBD050B15731BE6A7EEDF741C
28F9BD74E19BD3ED53EF520BEDEABEE6AE1FAAD0F044EF681858D07A1745A31D,10B9D3350BF78F9F3D362BC7D98642CEE4601FD26ED6F851E678DAAF7B9299B45FAF7B3B6C7D544F
CA4FA2EFF474565EC5A8B253F9ED5C98B65C66FAD008DD7C115FB1C6B1E9ED93,EE3878E80E5218D401710C4ADD78B651E40D3E6A4DD009297756D06028745F98CFBD553F95B1209D
3D5D3DCC7AE47CB22F44A191232FEFD61D783C730292CB17387183EA22CB2F7E,6053F6570A3E8DF2096A26837CDC73CFF1E1B497EA64E77F26774BC98A630C46DC5205AF4B43D997
D103FB49BF404CA267757C00C4CCF7543FC9B7DFC23AD06809EEB6761EBB913A,60B7DD114CA282E0E172DB7AFAD8D5DBDE8749DD33EA1061DF238195C5548B26DB903B9771F700C2
DAF2F2ED38E14B53506950224542636F35B84ADC1878C8580C23237548556C46,DA469BCD77F5D48885C2267E3F699074CABDD7B4E38224F6AE505FBD3852526E000A2B03379F087F
0667709CEB03850213C656886E5E3A21A453904DE85165D2B977664E71815926,F6D34CF004AEE1667790438B8044B861C540AF87682318736E5BEA4867DF7023A78B3BB083F1C0B1
05474FBE8002340C13F789AA73D42CC48240D1C5AF5281B43847D2EFAEB00E38,FDEB2B9B53188495C3B84BAA9CBB8B8E92F27AF36F583B7DCD16E3E68CD59073A02CDADF824C0E15
EDE3685D57999D6CF3F79BA3E31EE438BF6E815CDD5C90BA60C5A9993958A705,5D1FEE28673B97C24A46C96F424A03390DF4131012A1C890FA9756A971290D73C92F896C08A0DFDE
32B9BB5E86A948C9F46E045592E8343EFFE87F6ECE873CD83BD8E353F334AA2C,F1FAD5DA6AB1341E7182540AF5A25232BF2E4DF89BF74EE3B897E41F484C6159E0508596FE9F5288
7FF2194785DF0BF1D72E5B89630980D98FD71D846D7F6580BB7CA2C106A78EB7,3F19406647F245C855CB216BCA59145B733F0533A9D51EFF056C7E50558500DA44262EAB7D325C52
2FE0101F8BEFE0D2F2CFA1CB508D94D7262DFC3F2B5434EC16AF0B69389A3C4A,6BBF803291C1AF52A4065D00D5BA58C9C40E4777155EC803AE387498FDA9EBF28A8BCF93BDBDE0A2
340617E155DB3F41D2E7DE4667C4B2CF42F51B9E61BAB1AA7145AFFD8B272417,F7F006E88F4EBF2A2A6F8B76A8FBB68C9EF477904D9C4074963083F4E4057A16AB9C0762E569751C
86ADF48347DE7511DEE51D7C1E5C1881C07169646970B4AF2301E205860C83E3,4AC5A80D96356EB9B55142E50F412864AE99883D95FD2647D7365CC8CEEC151EC69E1C176A5DD400
65595C21DC32D4BDBF9B4ACD9211AB5A876A45DA83B171A9DB036303EBF69564,71C95BAAD5F7EA7404A73D29936A705D9DC298C0194D5BAA6F30FA33DCCE4B141AF7E0DFF054661B
B02BD839D283D3E921B5BD9DFFEE974FE473A77412989CE20CB4FB7C2197A163,732EEE67ECBFBED1EF2D1831EA1DA4ADFEF13635DC581C05CF96044994AD4636C3CB39998092A221
8EC71F0BCB49528FAF1FB463103DE6287AC9A004325F42C831C70636B407573E,94A8593E9C3301BD3ED02F6C2C0B18B63E470714CF558E49EC825405270FE5EF87233C36B96CA42B
877F9B42CF3ED3CD38883D311975BAD4593A0EC730A95F5A183B849F2E1BD073,DA36C93AAE5A326844876489B5ADAA8D900B8BF26477BBDD5ABDF2F54B11A518557FF95A6AB33855
192CA77F8F97C4CDA8F2ABDD085BA492D68AC494B694A8A92258B0ACFFE19D90,C7B81D7FE81D721675F09CFC796FC6F1C28642D97DC74C3848CF8ABAB7D35FAB665B9383D0B52FDB
33A9C6D873A1BC81EA779083F8B5561DCC7D14C7D8479993A8F522BF777780C9,D8AB4963FFF6725BDCEF20C272303CA9EB61F3BD4DB7555D71C3E9486C0BC5B5D73637ED87CC95AD
A1810CE5654A17492B19F50E5EBB7C11EFBF412E68803A86B902ECF70BE8DB84,7A0B189A7F59CD9CF6F852CAFED30E8F1564EED7E2B800EAC87772EAF623ABFE644F2948DD468109
6A27F1EBB37EA0DA718F8921369CB96E73D68E03205AF0B73BE540BD2C593B3D,202C4E1F85C51F2617F140836DAC94C2F36182063776DFD8198E0FB5DE982985CF92CB1544EFE957
08EF00DF9EB528B48DA78E537F6544C05391700520B72600373F4CDC68656C3B,DB4F9BFD333C4BA492327E6EB835DF5CF70D0C1053C72777DCB4F8B58B8DB3DF497B2D4B16032049
01E080A7F80EFD25410D53FACC90550F0DAC98C3EB8EA0F40621D28CA4F4CBAB,30DE5B9ACE2190FADC292EC0737CEF8034AF8419789E6EE9706838884E04DB82EB46EA9EC0F1E134
AF172DCBCB723ADD7DEB35177CF9724B87F2250436C0DB152F151F1682272163,59B2201A14CC9462E585C807A141FA2524CF20B39AE9534A773D8BB921369BD3CEA916CD4D9DD251
669A4BA12ACA24FE45E3AB726437CA0C752BA3B477F1F95426A2C4BF4B03E0F7,9662F3C350E844A291723CBAABFAE3C26E11817C9E0EBEC41B2D6555B09DB65BE82F4B4FF73AA03F
E007F70C6255BA3ABEFF2D3ADFDA84D3F532B0BE5A129DF27B29248B90DFCABA,7F8591E2C51A7CE7DB5BAD07F1A49529D00CF10A4B0F32648B9DFBEF410E81F8D81ABED384937FCE
C4FDF60B4B917DDBA3E79690CFE825B74C555411CE0C426B11EEF53BD8E353A7,85235F0BEBDEEA944D9707F39356BB03AB8FCA989B518106E517F531B963DEFF9C8CC745D57C7971
0862805E7E92599A5BE88F1199F9CCF9B847D0ADB72120077710FF6C147A401C,FD81B6D2F8AB1504861FBA850B2352C7A2709A35F392CE20D3D9B3EBD422B95D0F6C6A403AD74910
EFFB54516F7CB35048002FFF20F544536994253995D4B451FCA6BA5CC0A74BFF,348AA11C97D0F1189D4566CDB85699B70DA237F58726C76D4EB3CDC4EC06B7D5000C53E77E18C80A
90CB1BE6EB9B179879E36C6E3DFF7160C3AB8DCB105B2E9B09B22A4AEBF054B2,8B67B607D14C21FFD0263F4D740251FF77F7171B074493034D8F827D16EBAC21E450D2D3A550CCCC
907E6709F7034AF287234EBF03CA0E2D1242BC541F4D3D58590331552F0D9AED,5FE1B1AE7E885766F8049A2926F8454E32B80DF98154EB4B95A85689922CB4819E35838C0AB67AD9
0162FD56AFBAB289E9ADA3AEF608F366F03609EB0C4A02D720FFEBD52BEDF193,44F1BA9140886FB2594542FB1D22F4A25A4A5741612D62267BEF4CBC69C08217C2360DDB05A40CC9
492091AC98AA24C122B3B374A09A838B963A60618079F121F2236CCA6ABDC8E5,3391D9B22666E98AEF7C88930587F637BF09EFF2CAE62D193AE67D7C6E0796A8BA294A3E4034A7D8
BE8ED07DBC3175B4221D6B6731439B2E32A05568CF8BB9DCFACEABB7235E59B8,95F503F07A60EB358D5FFB8DB9EC33AF7E6918B4500132A497D1F8FDC9945EC12D7C9455F8BC1455
A72F42FFA22A12815F0735C4D98307320EB7197FE4BD969A92E3D7FF3F4E3BF8,1BB53F82A16D0F67C7F2893D840BABC0A13A66407470A8D4B2B4CAC434C2917088AD95CDCECC09E6
B4A1FF28AF312F030E937DA94396675F267CE9D6E293B989D5B50EAA6BF8DC32,5D61ED98165A9AB216E171FE1D237E528BAFAC2A3367AE141F0EAC8D8E756BFF4C76C1FBCE53F0BD
C5E0F8FB94616259F85463912C72B361441CAF7EA065E48056634C32C1BD8385,0BE678A836BCA0B844A6C38DF42C9E7D5775B78A00AC1D2CA8A4340334B9E724B4BD6AAD774A3EC5
