1B2208A0B1E678B32D3DFDA8FCDF5682B15326ADBAB66E07BCB000358FE70C8B,98A1379460468330C0496E982754B7E1173DD4A48A1AAA534E227CB3ED11CDCD,3571F856C9A86DFE54A0F4B5CCFCD5E195FD688272ED804462BF52C4BD312E28,DD4B5D08C6E8B2852CA7DFF0E38654D05909CC02C97F36865E923A845525486F705C8FB34B173288
19C78CA9D32B496C0DFA0E7187AC6FDC2855DE6A65D76ED490B01A498555688F,9776AB2390F6E93B97962A6C13FA3611CB9CB01ABB9570A1B8D23DFB9B8C220E,D7ED33896004C93F5CBB791A72B9F7EA6D61D2538334F2335A08BFC726FDC762,4F0F730C98F748EBA4C798AAF19ED1F80E48BC9049796BF1B2F8C09BCF2313E5C9534FDEC1029E17
15D218B0744F7CCCE74DD2594218C4BE363E150D68B8DD5C92F8E7CA734C2E47,1D8323C2D1333838879F62F774A1624E042AB5F343503B77D49C7B9E25BCF621,30D671A7433C9815B06256B00ED98ABD21FBE0D95EE619AF5AA7A27877D9A474,C8BD7751CBE3942DB13E9A52E4966A9C5FF46091781119068513F34922FB3A0BB628AB363006C387
421DB76F1178301B9157069E06BBF63672D59E6C329D1A56920ADD4722193B83,BB49F3D436F6379D8F76709986083D48C2646320D27A7245D346672C3DBE2C53,62156676D2FD768B70B3A6D715DC9D5D453FF552BF41A86152EA69966E9EC6C4,BA10699D90070B95491EFFFA66BE5F86337C3AAA4026EAC91CCA4C7943E546ABBFA61E0CDE31E7FD
EF07C1593ACDD633F8882756288C503DA419336BD005F6AC246179231C4C2D92,A58967D3597DBDD42F2D92934D29A620908A6ABA69D204D046CB68252F9D5FC4,84FB861EABE7EEC3C80736AEF451888B7BBCE2A264B911D4AF134DFD76EAB986,59BC3AFD3709CC2BBE2E4FD1723EFBF65FEB6D7D70D30E20548282CB7C10A11A0DFA90267FF2C2F8
AD1A8BAD8DF49E74E7BDB0079B4AA318A15BDF66A078D3C0A80E044BE71030C3,1250553BB6FF794511B890DE4FF7E0ADD3EC0CFF0C4BEF24FB9B1A3C68A3A3F7,63BD13C37247DB39E6D3C72310AC4ECD805F53840A207FA98F0B11C89940FE20,900AD8663B9EEBA2A0FDDF87862A41736F2BDC4F7CB11BCE2BA8BD7B1E48947153B7A7D64CCFCC8B
D65F828C50FC8B98D1AF8FBC96FD4B70FE78731FA42D6C26A5864D5180C276DB,201F130B254EF6AF113CAA0F2ADD63B3BF0BCD522F5D87EF78F43B76016E5C02,790BF97765E4EE916C40E8F9DAC4C63BE21307E1D3B9418FFEA9950B83F81749,9D91AA2CF7138779FD7C11F2ACE3DAA1E04210FF0854C8B52CD3373594679A62FEFD6192C80495A7
CA25608B78A1BD314AAADAE392A324291EBDAB1C9AB494B22595E4A8C3F723F6,7CE867FF83DE3364468B42DDCD54AEA97DBF056D2B9F49DE02565E20EC8C50F1,BA9447E2B0DCD2F05247FF63C7182664231EAB3F83EEC859A9A2E87C35825972,1EFFFBFAFEF43B3F1336B9042D7F8E1AC219A69171C22775B47067E1F2E067BBAAE479CC114C2531
DF316EF8BF8D1B26D926AF586604591D4D244168FD576084C8C63F54A93859EA,C091659468ED8FAC461A79BEEB83EC90DC38C9BF57E1499056F16288AB5EDE73,A0B08361548B2A62371367B7CCAF8489CF9A6EDC56638E892D28B15E54238399,01E33E12253B2509191FB68A14C548F79E1693B703DF1A0F7241D53BF810366DC52991FE6612F92C
07EE06BA110D8EC4C00F2358840D2E11F03BB9B58CFBA6A98C6C9901E8989E3B,26BA97167A453943E976F78992E8FAB5D5995FC9C623E82AA9252E394735A2CA,1C403E35DC4FE30D52842EC7035E1AFB8A694F45CBDFCA71209DB8BA70474C26,97756A812B470630D1BF0AFF5007ED2F8AACF75E2F3A1D3E6AC98CCE7B59EF20A5ED71BC5F310CC0
F526A4AE200C56BF903A618F55C11AF694D42FC3E7610814A35F971FBAC8FDAC,B76E846531C2DC6508909FA63F22B399D9FB38F56F14E76CD27799890558433F,9E4B0FF63A0CF5D442D3153FAC9B4C9F6A3EDC02E5565A7ACE0870B22F47CA07,8887D9C2C330AE6E838306B1F4B3BECC2484FD5B9DE0DA5DCAD4A1D2A70D38A1A9EB5200CE4091CB
2BEA16CB389DF800EB94564325E98E18679C442FE58643F3BE7807F03F4FC864,CB5D6C749ACEC5145477DD3628E3446DC47E51F9F0ECAFDC2F7485DFC6164BD8,F881FB71A5C278E8C9E39ACD7C26328B58540A9D85690008CA5B3722B87761F3,007B872B9003BEB238255DFA5F10563DB3F5A40B8059BF6C2C4492330E30C83FAD50F5BC5360550E
2B0A76D7D074F9C2B570177AF3C5D863FD4F9F62094666FA49373CC65755D104,8FBFFE0389E03D94A81C75D91EDC6A6B6AE6A7789DD822E8E9C8A40F84A6D5FF,3FEC458DFAC5F0915195318E73F7181111058CE761F83422B45AF39188F8DC3D,64030415134AB6EA35A9259712ACBCCC9E9A67784F3E4F05E2407BE825F89F6CB9C7649CA76C5174
6FA1C8569DBBA33EF47849D99EF7CFD4A646E5DF0EB75CFA5A4BDDFD391FF1B5,81DC3F8B6CB957CA1E4F39443E033B24F3FD787B220D63A44B5FBAFC927AE515,EF783A876711CA1E11CFA9CB378E835F427030B96DBA89A8FD115FAE0FE638FB,196E071B9C5D3D66F44C5C3469AEC57E1B7E5FD5CE48A56E29D96A32D9CA97B4B381EDA439272FCD
094443D2A6BAB9228A67086FAD4EDCA6568F93F0C34D777661BD1403D7876F48,B394F5623C79787567D2847D2C4AACEF557EC16603B500C576255B889B8F6271,D2E5FB7AB93343C85D03EC43CC61D0371BB478816A461232828A9955175012FC,9D08EA2C801E93B8E8C5719A75EEC0B1C35C65EA970048EE05A17426B6C4AA03A5EA3FFC6E28FADB
EF10DD7024760A4F666DF7C284DA8C67B444FE3BD9C38468460ED6B2C3AFF91A,C4D7EFD3F8A62C5BB6A7B7DAEC0CCDDD65FDB70E120A2428B0E9ED1C327E4B8B,AE6A42AB1845D92CDAA05534F017B325BBC591F8C6CD2D6E269F4BD28F0CF2BA,C24FDCCCDDC899901B87FCAF53FB2CF4FA61D7138906F8E07353182D6FBA42965822AAD0829C66F4
3E9B1123D2A075F0B90CBB0F657640368F5289FBF19AAC970AE1DD576FEFAAB1,FA7E9A51696F8D300C3FEE6568BC7DA76067561B51DF14FC733DBB359E719368,1FE4AEF272B7B7DD58F32941CA2230C78D64D4828F7B9B6840412C19777FC700,2B15D6822B1609A496CD901E1BC9A809EA3DF517045F30E27D59BB2444082F49915B944FA1F688E2
0F15DAEF5B76B795895FA7C542A8185C122BC2EB02C8D20DD9BF8AFF76A0B3CB,C63058FDD52F295A023911A95F59569B399534AAD21FEA4403D414ACD2DCFC1A,F6AD8FE85C7EE9FBBC3B2EADFBCA30564F7EB421F7E25B01C5326F834C9837A1,774626DB1C13DE538DC0E7D33C53D0F396BCD4BA4735E07CDEFC6655FDD11450BBE8499723794FCC
4FCB8EB1C17A808E77DEF74D30D7839C7B5A87BAEA3295F1730BE329AB069FD7,7E0492712FE937556ED7AF8AFDF7D6A6D05CEED87365AF21F9AD7E4C69129145,94BB6908E52B97A6AA96C4D15F4B861CA46EDF33D0A90AB5CB5156A562580ACD,EFE85F23A0E358418B7D424545866BF8836C96D64B323CFAA9A21423061EFB0AF8124F550D2B91D3
3FBBDDB61FA5A3819EB4471E956FB617A82599429B56674FAE7E4354F0BA6D58,E4A9BB91F764B3A956DA2ED0F489674E6E0E77456CD32EE2D6EAE4676183B953,5328DDAEF40DFF5BDB548A8CAFE9128B7B5A55628A3213209B1F2A7B347621A1,A8AA4798400A7D2DB3804737E9B87068DDAC2DE8377832566F698ECBDD5E56D450CAB2EE6ED7B0DA
DC8E4CC818BE7DAAB31116FEF65CBBE51FA52BC6F50A05C5053BC165E84CB392,326045557A7F09ED648576933077580AD84C027662E9B8089BD56451A45D00A7,74CAF37A3A6A4537B6CD8658391164F2B9FF809AD618DEEC6544C44A12093C69,F3EF170CC17DA78FC13241C407AB970BCB44D419B0D690D3E91D9E813C8984660804691664B11497
28F3FAEC60EEC25B8C8F8D32026E8E6DD2A3A746DD9C0647AB8BF472125DEB5F,8ADFE6B4812BDABCDDC15156F62EF9193A04198413493A0AB2C6C44A8CBC54AB,5DAA2F0D2307EAED3A1DEE474EA901ABA4F7320882A80DBAE1CB20850C8D6533,14E54B2C966C63DF54FB6F02AFAD7091B719C461D263C3FACF989551B8FADFF45ACEB2FEB3719A44
69AE57B557FFF90F08E20FB7016632A4FE8D6CD5C5510AB758B4680B5CDCC89F,0143417E48172540B0ED01FA773A2FB7AF669FBF780A955060470771F40B696E,4958F27DDFF41095DE61DBC8F384DB0CB2C1BA629A46B9D5BDF8E8E8DC66A38B,28B66AC755A10BDF1242109177EFE76E812FB4A2AF0BDDAEC733E3F0AFC4AE90279AF875343CDA62
118137D4A09E3F0BB5BF1ACC092BD799E78925468FA82AD02D22153EE6A77480,D14F5F431A314CBE9D3D6BE780912DDB621DBD55412167D2F5B6A0C1CAB36A6C,176617AA0C577609883CA7467D14485DA2616E0A2B3B77D2C1398AFBD0EE94E6,CF5CE912DDA3A89FD42AE49F97294E53073923DD47D050B1CBEE7C46B9D2C08DC290787FF50F27C8
4719C36E6454EFAD03F73008FA1172BED5DAEAF527209BE9837E73CA14F1BED1,92141796620F549AEF52F475D67666D3385DECB320E95A6661CDF0FBA5DAFA37,367CDCC1C309D3A1CAB7B1F699FD21902A7CE0770A55F4995EF37A158DECB8F6,86A1A35A828121A0CA9B40EC46FAF23D45E69ACD38E8B386B7E73E1B31E3C9FA7525758BDA5A12EC
A22058EC18BF42566F7A834C8C8C89E76CC23672E8B47292A6E9B3B277E32280,BC79FF39BC26D1C85DD30BA368A908D5FD893B328A8E721AA33359703AC8B9BA,7CA2112145C092FFDA1AD6B7E4F6CABF5B0EC7453A8E9F2A9CADC96CF4BF5594,A25EE5A9A128AF73122F18171CF9E3B323181736EE2DC0259BDDA76A73F2EDB56789EC000C3BDFB4
B57CA01539650A8AC474FB93200957FBFA70278256C307698A7E6510185856F7,667DBD23DB56080E68D4553E0184F751AB8863C683232B55CAC7C99B6E44E578,29CA08F862D368205F55BD3857F8D96AC82C61D82E1C9827A8E8A6D894F1AC6B,86950C0FA71597F997151B68392AD37E8C16F8E3FA3EFF00B7020F886E818419F085A1D50EBA654A
C13E0BEBA2392D38F6A28EB3477345602476776AB35D3A605115E55E60AF3074,B025904C3DBD7A213FF88AB25E5A973C65C4C10A3EDFA77534F3878946772952,6B9D060AF18DB7DBBE3209D3910BEDF28668FAC046707F62AA26DD50A703C686,94AFFDD2B8F3832DA817FBA3449AF10537AB558FD4CD8E62F20C8C87BCBBFEEA2359FAA9D1F8635A
4472302666EE7235645C7FAD1626FA050DA0B506D2078E35D30FD7AE44CAADC0,A89B07EA81E4C6E51CBFFB26FA60E9A840FCE1A6422B228AB0ADDDDFECA0487C,6A79E1B86E99FFDF7BCFF2B4F2F8CC1249A8982D25987BA09574E0F8300538BD,168067EFF06B244479ECC95A5CEFE2D8E416E80A03D199EB35C93A11AD6DB66CB6814E720D9D4CBB
E57AAC4F6F47C89D4D73A65C321A41F53FECF233C1493B9986435F9358B45110,F8B52223652E79F607A64172D83FDB0C22130E931994FA494B4F3E5E9FCA18DA,7F5A6F35325F824A46E15423ACD74B8F2E1DA2ED100B3E975299E6A9A60F8779,974798C9432739BF4623DC340593B4FB406C62B173C39B428AE4779B32F324199EAB7748C3D21989
4423D8FE405F794020558716F56E109150148276EA98A3E81D5F77EB313035E3,98C569BCFE89BA78345A1E4076589933C287D6A2D11191825E464D0FC4F626A3,BFEBD2AF16C414939B4819E718D10F17AD552D54C0EB69D09F2AFDFED8905C09,AD7908CC0C157BA80650F4F73AA78E4B68D49A689287DD6AF37814B3449210F3C08F958BF57A4370
68A0318A33B0140DCB28617B81BA5627F5E80F218D20997FA4A0DBF278CBC485,1B5558CA4EB1AAA062FB63FECCD5F36A08B7AACE86980CA7BA662BE40A8EA531,FFFAABF22C99BFA7F9AA8C2C4B269E6B40985EDA99857CFAFCD7D462DF595B2A,46CE1ED2763B62A6D23BA00FE8BB53C6B00C01A018609DB4DDCA5A4F83CC5F8856E33E8A778A12AA
22B778CA85B63E9E46EF5141139BA8A11F0D8D53C475FB577F62713D014BAA5B,FC93927F26F5835E6EF1AFBB4132D6755B1909E9D20B8823B2E2076F7F14A32A,07FA6F3288DD231B302ADCBBA116581FB9B4A3D994E9E4422BE6B4214F56CA2D,413B8BE4B6BE8DDA324BE3B848CDD3A79ABA6510E99DB88C003FF3600C5BE4E50E64F90DE94FD21A
B2118BA90616A7EF2F012F08EE288D9E3AFFD638C0625C61C48030D71AC87F95,ABDBB01CBAD94170E031DF936848B4D0A3D5C417F13382C4F588E6CF477888CE,2A30504F5B466DD0C37504B248B21A745A363FDA8B6E17F2FF8D3B5DE7956504,A8687C5A53A3525E1E894FCD55D655E7EDD697E94DE376D7BE9EC6BFF13ECD4EED38CEC2D80AE512
385F5558B6E187BCD0806FCF8990677CA616431637B4D6F353B374E37F5FD2EB,66EB372D72886E09B02E37D4EACD3A772F1E3481B52F6F9B1C3A3424D6C8F201,FFF138C47743CA5461A8CAB5FEF6EF1E543BB8B05766AC83A12A7EAC5B236064,6DAFBC3D94D93BDD94A03DBED482BF95085AA9BC22C6072728C9CFA1ED5A9DFFFB2BB05B197A2AA1
F2DC0653288EC53484B29FB62CCE31FD7FB7B6DB22BF549AB6BD4B59775254A2,B1BCACD2AD433B2C51BA290E0FA8A64A36398ECE449ED2C06EE35E552EA073DF,1420D8943F32F79F97285CF85B0C085AC9F80DD8A654D3DD255787DA531ACCAD,B6B1DC8B83CD3FF96A3E970D9D0920664E37B9D267BA5BB23A34F75A8FE7009C1D01D0E71197538B
26F68A31965559116E82625DE239F50D29F8CC7B6B80DE1018128E030BF160EB,B0BE1DB989F0EB6106FA9C05912C5657278228C5699B293EC3133263EE01D379,A489B3B0528A90C73657F61CD1A9DF51E88A30A175BC3DA6DA8E994888332053,5B811B10B2D58C65C98EC86DF37A5FD0DF2B13B2DE0D881F404E3C7A88A77808C09BBBFA81693132
44EC90D55F223B15C68C2725B6FC9D956A872041A8F3B77DDE91F4B8A67482A1,4B66871D44428C65E0D1526CFBE15C6446F5068EF686693701BBDFD1AC485DC0,052C37A1544E09A032E4D3CF5CF31B6076C1B7C71C75F39107B350A5D8C46045,CBA4C0EC565C8A4FE9E9D4604BFF9632BB2FB76C76CFEE4A7B6FB552AFD2ACCF9E77DAA6C234F8CF
1E74283F6177A091ADB48B93103CDF47FC2E6D3A3F49A00477C625E68604B53F,02ABE629D1DFCDCA02414C8BB652BFE6FB1D365F2E78C2E1B89EB0D6C33B6BD0,F434D91D8C80933F3E85A2D8B6A7EADBE4B755CB93327AF18A06597D12FE9AD9,C2D8608C51E44DB685A4BD8587E530BB9E174B1C561D0E3D295A7ECA0AFE4F1DA619698E267E5C68
051730B3F905857C77D72580C0A7A56D244D3E1005DAAAE256CCE17800EC6C6F,E4C25AE6CE830934DBA117F1400B320FA6CA44E5053B92E37354EC3E9FCF54F1,058BC90A16C30250A5619C101021BA96479DE3F1694BF8ABF1A7BCE954B2C294,DE1B19E23C8EF474A50D157FCEFD5A0A9FE01DB3FBF689443B99B0102C955A62345D3F6C7726B34D
77C3C3BD5ED10D8927832BDA76EAAE7AB5FAA09FC20CAC94FDD5FA1BBA72627D,75F7DAD30D7F3F98955327A8745E292F4971DA939B2FDCFF246AF18032E24D04,A6B32A33D2810B50622BE41B01973F4B8B66F0CD63A1F9436500D7E8EEB8629C,9E2C0434F9E68EB865C001B4AEF3BC963CFB81BF848E282B665851216B95E0F42DA4C8EC64081C32
9A0B7406E093151B8D1E6E50E1603E2926E59A4817B7E865C5D948166C2A3321,86D962AB7D5D62FCE0AADAA01235280DBDEF745ABCEF617360E4CE8059B8BC55,43B57214E9AED877D431DB84751DFD093608787C97F6E75B5B6FD2623FDC49B0,AAD9C80E98F3DA844FB3D599998876340B6E5206CE623B1B0C39B4DDFFB47E98CFF6C7F057A9CE2E
354CD10FD58049ECC365B8CB89D265D9399703075CBD0AECC044C7A8208A9667,DE2C02B21A6FBF0FE0956E9B25D72E42B6A75DED8C879AAC30BD0BAA28AAAC55,2AFBB59A292B685C6A4EBD6612477DF08E0EA0304A360877C01EE4FE9BE90D89,D0154F217C98B602FD693D73FA008C043CC52C2C536E9BEF387CAFFB9A88197A1E5BA7BD69063EE8
3821A6B3664D025A6DAB44C730C67C5B6AEE55CB4D776D2EDA353D0A32C4CB97,09644E3D40F4AB9E3E7DA4EEF9FE22FF081A71D9FC58C0068D52133016811188,3D01CEF5E7D386BED3B830EE9F61EBCF3B3DC78D57C17D99959991AE7AFCF5D9,13F4A679EEB43ECC4B3AF7C69A81AD408C54E27C3938D7802DCF640CA13AD947D6354CA1A71D28A1
9433F30067B41A541762839755F7DF3EF47B2E9E1AC08BBC9713C278E1C41DF3,C950EB52008FFDEBA08A15A836954E11D55FDDD4F09A4E51C61A3C8076AB5C91,96B2726421BF682132D515EA41760A6A6C06903379654E94317A7EF55EA7C58D,B52C3F14C31596EF6808B6593F872CC3D89F352D70DA6BA371F813D1A5B50C000357FB12252CD26B
0390537A8353992359371FC639C8FE0BF36FE5EF137D4280F49DE535C851124A,32D48F3B97013AA50EAB36B0F6587E75CFE2C17DBDF0CC250918AF9DFC4CD10D,CF6466B964AC99556AE57DAB62E69BBDE3007F760FF972CBBF67B9746C03B134,11ADCA871CBAF69776839E7E885C5EC357EF207939BF013D7979DBD4656D012D8C676F10712241AA
04383F4D6FF72EE4758BB16ED0D3553BDD001AFEBD8BDE4345E42E88FE1FBB56,4EFF262FD4D7A40E23F568D4149E4664929F11E7BE9CD43C9E6B527F88A0A47F,986932904E71ADD84AF8AC78FE0885C8380048D823FE6C04947BE4A7DBA930AA,278AC0131BC4180A7A65934F2755B207178745DC6F4D0B068EBF5C889743A304F84BC5715BB66E1F
B418C6AC052AA4072DD49B51C9A002116553FD2E6A685AA0DEE366F763E9295C,B3098311691334709644B3DF6847873F50D2520B22098262E6306A6E4F85A729,7B1333B87910DF637E97EFCC819B893AD8E0E8472419CF1CB8713A7C07F2165E,FF960142B412103B02ED7915C3309BA1F0E896AF624B3215A0AA104B098140334659A7AD43B1CEBD
41CC39F750E5A89EFC3F87E8EEE7C4C4E7E34F683FABA99273618EB2D4398354,C5A5353D09A1A064CE3D835EFBC5D7A2AD45143F9856C76A6A02AA04E819317D,25506921D73A5C3C7CA41025A709AA81268F4D96DC25312FFBC0810BE488A984,C390049A2B45992C16AC420ACDD9660B4E33B61A04A3DC4BEAC832C6A7C5B512761588038E07A975
EA0EC2D38CBAE7589E14DE0F95F58218A9EBD218C119093AF76A0440C0F266FD,850DE8621333A06A168488D6A6815FB3E234BCA414B84424F58483DD3445AF61,B42A8C052D6D6DB6536756F790220529FA0B5ABED8DF66E13E41B57FE6ED925C,C3C0AE98E40928C4D5E4F5FA706775A7B77E0DDFF79D2681B9CA0081704B1F46C983C298F06F0C71
BCD1C455030DE8F03B888AF54D9A4A814E123B99F5042D35921B3CDBAFD643F6,AC32DA94277E551BFE6DD9A897953B2187FDBA7F61130860815C5F389252F898,47E82895DF0EF117F3CB952040CA191C1C0C313A76CC9F65B9847D081C866525,9DA33A0119F8FD6B4C0481B87E50A333CCFACEE2B9A36A7CE62268CB9CD3E1DE15D5D3BA88E3AA4C
8D21AE96DE86879FA30AA7740E8ADB23721827F03361882ACCADF140A82B9EBA,7B68E241996C6A38F9123834B1CD7AD01016B6D9B09FA2365D656C91AD6850A6,F61A6FD4147C256E7FE44CC1C9F4E894E19F3965D34261EE82F5E8C0A8432885,EFAD0C7EA69426CC90E6D7BB73F837AAAB281ACC3B8AC1A8FAA8019D2E76C372053A2D2B5EA78DE4
C417469A6109A853F0A30957B06C537811A5F81166A78C27637A91DF808BE5E1,5BF8E25FF93FA40C8A0A71CC92D647B218D0390DA57E29D67E4708DA13C87964,C2D714D615B7AAD835F5C5725652DD3E1C80FAC68C98BEFDE7E59915DF99ECEB,3AACD30207D4EA339F0E656815C474D8E79EF96AC81663B442622F914E62D09E46D092B4BA7B8465
DCA20D9291AC1852A66F393BC3248943D43930F9F0213038D7E86B8398E2ED04,F90139FD59496A85A11079E91C3B229CD415D81258CBC24BE468F634FD7F1947,7F8BF6372EBC58824F3B574F149937A2317929776BFBFEF6180532495D37E407,B61CBE56D6E24664BBD6D0399D625C2308DDB479211071A2A98A38AC45AC30908FA0B6CE4DE43019
82B5737DB90F41682D614684071964AA416521E441AD94375E5105769F73F36D,3C4408ECED57D9343B5EF01226CFE4FA1988BB6144B087D1E41C1E03BF707F23,6C21629465EE74D463B3EA012DEDCA6B32849EBC5991E40F0C248E352CC0B24D,C0B092DCC80C187564B8AA2868E63EFCB728543521FCC6A37915A0F86210124A37E591CCACB0863B
A3FEC01E7A94744B6B3E04D6BAD03A56367D37C8003DAC1F630339B7464EB516,DAEA3215EDF854B2DB49AC39645D08EEBA8A5BBFBF7CBD715BEEA78CB795A57C,A18B06F97901D9998FD2078D3AD52829F8B80C28BDE25CFE251EA0F11716283B,B247CF2FBEDC9966987406299255EB2EEE49A7DD7ADB217FE337EB05281DAC71588C05DD001E5566
ECA6987FA28602AE543B65DB07028E45A401700C16866E9F59E47B499ED8B5D7,29B3308E087A978A23B28EB77EDB7D8052FCBB869171A7B221E69362D36E8D35,AC5AE09E562593026C943889F9A80EFBAA825C76E65DA64963464001DB6C49A2,EC13E325C49B3344AB757B731CE3E0A5A032E209596F70F95CD7C8D5B42E6979D91A087132B690C5
89073A56EE7ACF8E73BBF77E7DAFF42852C7EFC89E0EBF1CB38B828588F5915A,B739CF8292BDDA4E3321C5055645809FB36C46875659849FA7AB12A91193E418,20421BA7E67BCFAC985DCC0543C3D269F899E5B8C0FA4FFC4E4C6D196A764FB1,C6094FEB2B5C74FB11BF38DA80958DABD7A4745D087B6CD5EDC247667B8DB53329A59C68C411F2FF
18B5178698F20CD93FAB5361AB15ADC3669826F941307C036B27BC977407147E,FAE1345BEB2E8BDBF407483482DD6B574617FB12DA9856AF5C7ABEF89E37DE9D,0C230781C04930E82903AE2DF7DD521D9F66B904E67D458F8FFF852568941E58,6E8D67D459C9CE500F3599F51FDC707EA72B8029C5EC426DD154E818E1C58B70AD612E5CA6343FA2
C703ECE166E147C4760627EF44141258FD49BD36EB33ECB87C2476B0E096F208,6B6828AFB99F27DA11619EDADB4F894EA83FB7228A4FA29E57D551484E62ADCE,DFA69F3613DA3D81FC975E9BD87E2A4E54643EE96B7BF2A312BA325A684B6071,445BF3FC7423C36EE85513F405071B412A23A316037CE5DF8EF38B46B03345FC762F20A9B39D5ECE
9ECB448E10DB076E35C227ADDF31CD622AD329731080DA7F0424605B3B127498,BD993BB5B421578EF9998F447CDE9E5CD5F579AF853CE4FA7ACB3C2B1765E69E,AE0105E3508EDB08A0013DCACB7D7B65D62EFB66388851037B5B0826B3B56277,4C3959E6EF87720584C3DB758D51652E9BC32BA4B37D5310EC391C74884A07D4C393305A7D3BD0EB
760995AF4343C67E9494A0EC2263EB58B3681E26239A51309705BB8536EAC46C,D082A6257A377E99063333F9536E9F15CD4A502C049417992A8D561D899E73E4,7053DD1A89B0C0FD85C80AF67AAE164F0FD00A646DE461E237AD5C2CDF3CF4D6,C0B009E045BB36C4074E59BBDD5D83EE610BD39E16A042125FE2CA8F047D443FDFDCECBAAB5633D2
C0C8E969C11B2F10D654ABB966768206125E04C4FDE7F3258D7E03C7ED84E5D2,3A0533ACAA4B699C71B1BE64798F5659F416BCC5A045A076008124E99E3297D4,E5850381D83A556E0796820BE7E4567C3FD85B57BCF65C85F69A495EEE8F3C6C,AD46318958A0C973595AEE3914E6D0E2DB91ECF8AC64CAC9F8A6876321BE4F7C04B300F49601EBCE
435A3A48B6096E69C73793228A5960DB8ADFF3C04492164674732A7D1F200BAC,0CE7BBF46FCE176091D5EC9DEA0D2232175CF26626EAD81A9D2530C63271BA57,9EBBB47ADF6B0A17E8533B3CD0F905A1DDB87473BF382FEEB9413E435327F366,F049FAD0A3A9C5F80076CEE21923E8257730CB92845169016308F9D178A0D597270EBE62BEC42967
3F57F6E015E9254066881D4093C4B2364C8EC637CFC37907ABC0518EA8F9C6C5,C4DA6DC98A395DE7C38674A6D97E66B1CA6C7AFA88AC645687A71C6B740D2B3D,5C462413584B2606EE27D655175E59B2BA9A0F363A08F4B065FFAE404B6134A4,EBF7D783905A9CC66FF37327CACA42E81B56F241C1F1AE9DB13B67281B91A092C82440894AC1BAE5
E02402790ED8283EAF13388CA2B7CD729F981D541A89F3C832B4F99FEB5E8367,1FB0279E57A5F88D6BC1446998C8BD4A744DF24DE6A54C11E1A4FD8122B0491D,DCCD7FFA6847B0AD3E12040366EEA03AA7C691625EF552E8A84B682D7CFFAF5C,E0ADC064DA9EBD0639F3ED4F377015CFEF0135FF9D89FB6E941A9DAD32F044A0915E854D2983ADCF
D0AC4D1862132C891C707B9B190E9975CFE7FEF9A9339713DAE7A6E766CABB3A,C0C91246FC9ABE3512D849A491B82A2A0BF0D59791F18B70567F50D5FE813AAF,1B1FEE51114AD7ED61C5A856BAA18729F59D8D449432E785C45736DA7DD8BA90,D351FE34D1D97F38EFC470343D9BBB446793EEAAE3A1E130AFEC55AA2632131918D4FA41B8EAF3DD
30FB819D33F75F7243B6952C4532794BA13F2BE47F580C1BE6A08C1904338076,B2EE3F80A3E1EA5AD56FE880B17817007550B2A0344EF866BBFEDF41F1A32BBF,C4FFDFC7F0632B448AEE098C8CE61E732FE1ED53B5BC34A80514F3DC6D190C7B,A348D95B718F25FC8DA210958D3FF059B74993446DA8B608CC5EE5553389169A121E8F40F15BCC77
E271B61F7D085EBCCC2470536CD4AF4823FEBC428E3DD983B068FE0DA78FEAE7,BA456C0409097535E0B00283641ECA315318673C61F1889584C37A7E2BD80FCB,7B49D036C93BADBE97F45DED133E84066D03BF14B7978E5E859BA5B8FA2583AE,6E96542A9941B4842D77693316B649D3A0F7253CD864A2A7CD374A536F46EE7D0DFEC1680F93F2C5
43E549792699AF09318D53B9E753BF7B85DBFA0A0997294C9646E9E6A0976DE1,79089C743C317C1875E332C2D0B6687B18B52BD9B3EC73128181C5ABA529CA11,836807030FF051690FD2969C08C35ED45EEB0EBAFA8854DFF04E14BC3AB6136F,355F2C1EC4A490F0C358C0D7264B6350CF2F29EA46B0868930F54ADFDAE04C4E18D2637DE4C3F7E4
07A1AA831D6DDDFCF97FC9C2C021F7045E36C84A6A82AE883352979FB91A044A,4CDAE3683F1EF811ACB427A04E582EA8BCE046088AD09743B3542AF4D32C4D59,410B270F8171E61033F8BB50E26ACA4127FD4B6AAF661542756ACEF7ADE9A06C,774010294D246B3B171CD2CBE5B3FDFD3754132770ACCF0133268EF3E13054D3AF66C8DDA9B8D0EF
21D06D8F8C6F4655446408C9AF79235D1C70C63A9B2D6D7B129956A98C6083F2,53E56AE6A26D1FDFA34133E6EA02513BCC32FA1F1D9697358E468444F80417AE,6AF662AEF7248EB322CB29B9626BA7EB3C69A6092288218E8535F19B58E1B6A4,9F09FEED52AAB1EA9F4DA00CDFF66F640F0615FE5835576172F22180CC0774F019015F5CB928D8C4
AFB8C4C6BC299ADC5E6A6EAF4CB2DF8D816187C3D6F2FBA3F824D4346C949C7E,CF673AB61C0B8C9995C7F819529BA0ACA71E02C47FE4560BC2B1CE52C25620D8,2D930A756EADD8894677F968494AE1BC7FC26BF909EE8E20A2E2A83041E8BDB6,479463C2560C1D5811A53A8A383A8F914DB3AAB61B67FCFADF972A4DB0A7880645C40CAE2378579D
CC40C13274A65270E0CFBD96C8C15CBB06F344B4859CF4042962BFFAB0CB4F36,2CD5F4ACE308085FB80221DDAFB1939D648CE469EC30CFFC9B5E6F41FE1AF329,409E194949315BC67B1976604726E6816B9FB3848C4F0C45F9DDD4B6A1000429,C7A244F61936DB9BF5744CA5F31AFFED6A90D67848EA1918ED6C433318014785D0BD57D87B9C1B3D
7CB12BC4129CD57EDA78E3449BCF51772BDA3B98791066820431CBFC42615646,F88A976207D84A9C53A95814E1BC38A714905C50F239685DDEE3C27A84127990,1CC8325C1804E80450FF1A5603D7429ABC04290EE723F363D7C29A2127A66D0D,DE20981350B4B8E75864F9FB443FB70ED7D9A8D34A0887A66160902DB50453611CD27C4FF3FC5851
15064B34DE384205B7F2F858288FAA61257BDE39D23D6B8D26C4C6AB47E7DB76,E6C4CDA4693D92A8F28751FC5740E022D65A181C5A88C2C36ACFE353A2313A39,5ED8335BCD237F07C50D04B0CB4F75DA695284E6E5946F2A2F333C755C399C79,A02D41D0F5FAE561FF337D71A96D0A4D040DE20F651F3FA8FA701F97072B32CB1C8C4F6B840FD8F6
9F9E395BAED94C70D83CA00CC6EEECDCA89E584A5D22514778404AB125C63706,2167647B8504A27A95D05B1F1D67B60B9A8FD381A787C15441CAD477C5CB27D6,403FBB5D346ADE9EDD67E53B8F4182B3DEC849EB73960AF83960E8A48BEB69A6,2609AC7EDFD368F14344E19FC716FF261E2ED07CD8D2596C27C216DCFBBF4FE217A84F094348063F
5A5872019490E6965EBF193A8136BD717259446A8733C4E1B484A73AD1D333AA,FD6C9B4CCF9BC6D82CB2E06792A539902812DB3F0B0CFE7413FA40C90DA159DA,5F45DC5FB8FBCECADC7DAB0901F59BA8A03144180D300DCD91C768BDEE378361,37A955A8CA50E6DF2AE2B99B8CCE14E13088018E6AFDD7478ECD6C306B92160EECA00B9819524C4B
914F474D50CFEB1475C5AC5D0C72AEDA078A08C6BC38F882C5C5A3B3793E8E33,0963422ABFFF45AE2EA11096B139F27517740E810C976FA5C087C2F70E09022A,78E9FAB00839379374E9534B5D0710EA31D78704C865DE50AE37A14E85C30BFD,6F7A6B69A7F714CB53285E67C36818DCD6C90E36C6335A568BA16C27F9DF01E5C4CB5C32C97D3006
E516BC0AB750A77728956C3A7BC8B447601044191A3D4CEFC32DDE34E468003D,960C60DB13DB8E0AFD1ACF02E0BB5A151B1245D296933DCFB0F0C999948ACC0B,23AB7405F985956A8820CAFA84FE61B20D043C83E7EC5A483EEBC4D54D2B6BA1,5E0E73C6ED1DEA0989A6B0876CE9CD436DD59CD8623BBDAA3FAC44B6B98F1788ED7C7826EAE2C73F
9C83624A84C07B29097D631C264260C8D147A205846A65858C37C335A6FCEB79,D6B3F5FDE7E56B87AFCA6EF98B58E85FC39A3D7D29E26F336044D1E3BFEC83BA,431D09042A5EB833821C54809C9AF12A1A3FD0A47FEED886FDC2CDE4E3934DD9,9962C4F2D4954F3CA22FDB881483DFD689EF5A9A7A7C4EE0C11C8A6A0CFE9F6F760A4FD3C5B347DF
0A1579AE84612B423D5C5F0BA4643796A4F75F6B61930AB0D3274708890C9015,34132F7D62B9F1C70A823FB9FA66200B8823B73882D1AB63421811F977D6648A,F004EBD6DE74A3FCB076F2E7F1A8763DB321E3D88B2A4E25AD5B8E2A8F1A4025,DCDC14D8E65CF1C29B89BF6F0B4A458A606C6B2136D625AC1BF24FE8C6E6675CE3EFAEB6AC79F3A5
E66721BD3D10A5033CA34FE4D76C19B059573CBCE29AEE41A4865CF54F810DBF,F4BE976428C168C91629BE78DABD4C4BD6E7E26A5BC14BD9BF46E4FFC4F78348,958F89A2F63AADB0709412CD9A57AD01571CE0D2D7853A8FA63AE7836A42D7AC,03C01B0530CDB4BE72417FC3EF0B2C394588A7723AE5FDE691B0597CF9E2D9573BD4B10F5E250369
FA9371709E94B2773E3D7354BF74DC12F6256F62D2C64C576CE3BF42B3E97833,E66724748805A806B31408F150FB5D39054F889622DE37145B59ABC7310B3F60,2A4003BDBC5366D31A4922C0CCA11D4C0ADC70CACCD698344168099D632C935A,6E3A3E90E9D6873074E86EB9F618DE1434FBC2FA027860FA9E94E7D843294B0C6A803C614A11DB56
3F0164BC9ECC2D67B1E9A6AC68688DD574B52F87EE2976FC4B6A8552E7703793,E6ADBBCA04E59FC83EF9EDA18B965EE6FF68978D9BBAC1530F3F5968E3190756,B1F406482028A7F31A6B0F55C1AD5D0438155D23C4DA87102E30563C1F6C92E8,075D64DB1BA5F2805FE1D98AFA26C263C8477F0648C7A77092542BDE48FCABB9DC9921396BBF3F10
5783D00DB1D967AE0B597AD0DCC03C7401391EE46C959B4A38919142C7F371BE,F696077A36F2621A5EBA1ECD878E615005BAA98E2FC3E4B2A0AC0ACA65E69D4E,EDC7A337BEB6745C9101118726E897D91B4193A5B485B5EF69697DCFB066D201,D6380EE6653A0A9A7D2292D2840B536C4A5DFF2D829581C893EC803CB099F49144879BB59518BF81
4EA03869269395F226E606C97699F38CE78EA13EC3345C584DE7B67D6EFFEC7E,E0D35AA8438CD1D15CC7D0C4FDC7ED36391E1C2F32B77CF360049CD1760B13D5,0320B02B9F9A6C7256A42EFC3E5F9757877055CEB01B430DE3C2B3C214171476,17AC3F7F673A4F0032303C87F2C35C593E60A643E4555590EF9492266C3A81C2A799EACC54ACD992
44A90CE0CD84B6246FD24EBD51F6F1CA880296F5CFB57C6762A2BF028C8D7921,D027A4CCB3ABCBC820A86D85B62D2DB7565FD0ADCC6EC60EA272624D3E26283A,27E28113E375EEB77B24BED42E0F9B5B8CD7139F53F80C1BA92421CF3725058A,E2A0597202D1FF2CAC6A4BF0BAA0078D78509DB1C4DD19264E91D411A4168533A34525247297D2EA
6D150ECA0C386171BAA906A2BB41A586CD277D1019578752307158B4F09CDD69,F7B6B00B9D8FD352B63803A9E4AB033469A87A59E8BAAC7794F45C71F6E66905,4AF1EB494463F205FA6B2CE8C1864C843D451277159D5745AFFC415784684712,D5BEDEBEF6A60269583B0D6B3A16CFD59B814C073167FCEA61A57C52D68288691B283CA4BCEC3932
5D05EA6DD5E577ED663AE2E7F3384BD6CF6F939953CE70A04D257EE859C76136,C146990EB17EC6ECA6EF3AEFFD592A39AEC8E3EA9DF3A12CED131FFAFDD4BB96,32A367F4D4881EF17EB5850A6A5B90896A03052BD780D34EFDA8F29233FDD948,2B0A18090E57AFD3FB8E80156A92C1E82493D00EC0B6BCA80BFC1A88C5E4DF9D7499E8D494F40053
1563077606E31FBD14D954DE45510ABEF421FF4C5F4F5D3895662442BAE26108,80DB3A7B396D14A8EBA252EA11957D173B111C28B4014BD8DF28FFE367B3F622,24B75243D1860806A3E5EBA72C69805532BB0FC877C63CAFF80E8B153679D756,E94C6D24D13387988285C5D9ACFDEAD1BEED14F7CCF386AF620F5D3D0F78FA2D00295500F0814F66
A22290BA78E47A0C19092849702F93002BE919A1BF60002E5AF3FD04842B9149,810E3A8ECCAC7B6F053713E5E977F433806D1A194E87641CC1F74F73AB951E26,537782F7788CF3FF72B6B94F51F1591062E3DC2E0B97FCC9550DFC0020FB3F71,502754E50B50A50F9F852DA4174B972F2F15FFD3D38EB8EC0EB68E9775E79D51879279EBF74C9129
7D241474806218D08D7E4418E0CBE1C0B346BF73BC34D7DC17B59E730191BE33,3547C7F53B1BBEEE717DC0C918087E1AC85E05BC003DD61950BD52571DC4171F,21EC412A72AE7947525E3305852775D508598E9D427E4EFBFDCD8D57FE78D222,8D2709BDF52C5AC958EC348E12F270A38393E24055B163B875C31ACC2BE80B5366D79D7055BF587D
37002B028A38B6ECF3B1BDA485765B411F0429D4DA426F32EEB937C33C28CF27,47FD8DAC065FF8EFFCAA61E3FC4EC931F975C865EF3383F0FA01FAEFA067379D,8AC1D93677040336097D03E1B7573F2CF86E23381DAC05944AD54F593F445044,DB60E1A3A2DD98CC033B238C8909A7B8B18B43CC3BF0ECDA7AA323FB36DBB1894674D18DBCAF7946
B389D850DF1AEEA4A731CD98B48EB4776CD63295D721F5D27E87776BF7D40F04,B16CEEFF7ECF6DF24BCB673770C4F4BC45011A5F0E81CBF8EF1A69C03BEF69DF,2CCB515ACB8A8E7DBD10CE548C3AD46FA9CD6C382226A45EF4C4E0025375C58D,65B25AB7FD772999646C758B2DAB566AF44DC27F27551FA30483E38572FF6C32B3E21DD5508F9007
18EE737951DC332BAC2A850446450C23C3D2BEAEAC823CBA31A517354DD3DAC8,1D13EB272A8E84E3F25E23F4C3043EF4A01505BE6BE5E70BF9FAA210A7F0905D,622C34A1B47CB4B7BEAA7A6486B30F3D288515F38ACDE08D2C74C2F53B7D8121,E1D269038CC5C1EFAA61538B8ED49C53319B620E1093BD0C51698C6002EEFD35C3A92279C14775A1
7A0492AABA8B39C06A79020421FEB2D0A59477C1781F953B9834F97D8638247E,65D0E6A43AEAD24809732BD0B4892396ADE9A4A8F4C6CA6292C6068B8114CA66,0EA564384FDFB8DC7142E2F7A5EDD503C5AB534A740691C22A34ED7BA99593FB,E1CBD5A5A2F00899B35779FF7B770E0FC1F8A90F7E47E09B1E1BA2718135AED801F4E6481C7B5113
E7FAE1033E50747AD0B402EC38916916E9A1126548CB11C587A24D46BC04A635,0544993B1C9A7C6D654B0FE669E047D7BF367CBA363AAD371B65DA90D0973EAB,20B2E27A01FFB41C7A389E1A06D523F60DCA346BF284AB7DF185E8A77D394941,EEF38F88650478790AEE446E35143138D064BCBF66E46E8CC192F6B1AA66A1C5FF303D270B4AF5AD
0AA723151C4108D8CB826ED1D150381184037A60245FBAB8B62F6CC238C2DE8A,BFD5BED88E0C141D501C92E3C3AB07F61B4B6FF61D462042FC6EAE430C79819D,010CD4503C0B75BECEFC68B6E8B4CFE3A0A28980DAFF090A1E8E5458946F7693,9DED83C239FCBB5550949CEF74092890C22BBCC89AF3E9FFFD49AB20176F3F096E84BA7FE3DA5831
BBF826BA0B22795927E86601488FFBDD439B9D0EEE27F43F1C53B38450CEBA06,39F6E7E3C7888060F91E21820A435A9F4C5F33647E352D1D0E0D6310B481AB0E,1A357BF74BAED13AF26B29E0D7D9175897DE11FEDA5470B2008EFF984C5D9D1C,64DFC01ED4F4D6A11277DE837BDE04F6F309AFC988716B2E755609A8E8F7622148A2EE184124FB16
