FJ33H4XAQMXXUL6Z,JTW4DJ2YWHJWYJPH,5602F1BAF9EEA69782217B83072BF5FC37E4008566E85B67CFD62DBC6747848E,56BFCDF4838DB039F04542D25AE539530B5BFC97
QISXJZZWAWV0X5WM,YDPMCBFXFBZMTKIS,9617793E55C4FB1B7093F5534C71D6279C97A7AAE5772CDF2113F1BC8C3F98C1,0D0F3AF17D243AA44D39B301AFE62030EB318486
QM6GJTAD5EWOAW0K,F5OWWPXRK4PFMWYR,2CF588EC9D7E3FD6DBF69C9AABF8934866BA75DA5FFC1C84F9B03ABA25F18D4F,9F545DBB7949E68FF8FF845AD2E522E727793D68
KRPZQPH3P3OGJONZ,3XSG1NVV8S0QHQKQ,7441B30EB74887A7650A57E2A9113612115086199AE41640B45C8291E0E8CD3E,5CAA19215A6CB7ABDA113DC7AD2A14E4424BE56B
HISW7G07CJWLD6XB,XBJT8CQJK6MPN2FW,E0E807228BAC633EEC2FD8A009D3338F3F4D79B3C87DE0A09B782E59012D66DE,FB7E171073DCEAE53B8A7B1A3F9516C2D6F8D4C8
8YAZYMFWRY03QVNS,BIZ0DPCUDRV8HSZF,0ACB5FBC2CC3A905B56ECC83CE1945CDD6CBAC23CA36EA8B4186B5D93E11A1B0,584217B036F69A90DA95D30C093AFF8C2D155D76
PLUO22OZEVOTBE32,UMEWZDJEWZ7G9QCH,E7D3D9945EAD5322AB3531F1D57920A629C9B08E746CC534F2CC6A607A5403A8,A9AD1225EF7F9E3D914BE0492C152C4CF6D0A11D
HJIEHDGOGEP1GGMG,HBJ8LPTLDWVPCYHX,A15392082C69F2A102ABF0697535B423C2AC901F80B790871970DA2B8CEEB4FE,99D33BE4610840237C48261A2850724D1726A49A
RYQEYX57N5PYSN7O,HP3N3BKD2C9PTE0P,0665803A80C92DA5B43DD372CE27ACCCF80F1590EB9227D87EE9CEF952435DDD,258AF265710683FF901E7636A54C6A2756F01C3D
IQXXDBJEWW8O7TVU,JNWY91K8JUJAWA09,12915D4C4A73C11122493BA8F9FF6D4C6ADE7BBAB28EDFD77CCAD4CE19D525B6,104CD3414BBC0BE6E78A547F5ED59671FBC92043
UIK5K5NOKTO4QWE3,L4UZIQGIQQBPEFWX,B22A4B540E340879ECE2508E67EC97EA5D9BF1219A0EAFF3E1500D6454561288,8F415CFE7A3503B12E9C6CF242DA4975CA57851B
3VRDIZDUABHET5FS,TZKO9IVFVKIQ4PQB,47A9AABD243AEAC5CBD29B4293AAB56093362C43EC80B6E1C63B81FF232FB98E,B615F58B7D1BB035DE9BFE28E9529DA19A8D14BC
K5CQOOATQLNLQDXO,EJ5XO51VLDBF46MJ,0494C7060718E50EE7613BE0B141EB4720C340CF99A1E7AE9E475389222A8EDC,C573F311C22E6F2E1A369E0D6DFA783B8EAD3307
M0VWASZHX6I7FZ2H,27RERJBDA9RMIMA9,9FBFBEAA6221D36036688F1C57D0963C8E862F7A121FBC2D70092E57D6B307EC,6F4B18A82444CF02E271E59AEB66B8EEC26DA932
BT0K9J48I6BQ4SPQ,Y97LCOXTYFPWILV4,E261379CB22033F54C0701D8CE970F5B585393D0B985FDCCD0839768F5748CF0,E4C64647A311B43F5C46C5EA30672CFBAB9F0949
0BSJMEKWPJ1TDXYW,KPKVKHYZWADTBNCS,DD65A765381A414349984717D85DB7F5BB76984DB8257E8FD3F956934EEB55A7,993EDD4210DD780DD635929CE35F2CAAE8484CB5
DCMKRVY7OAVHB0PD,CBIWQRWAHJMZV2NZ,6ADEEE4422CC07D68D14E0F49A35154FC7F4968D77F9FDC77AE89F848150995C,CFBEF258CEA0BC054BAEA1EB6B841F100D17D750
ZRIWN2PK3Y2SRWCZ,B355PFFJAH0MVY9V,573B5A9FC51CABB8404B5485AF30C0978A4E8A9E54617B44341005EDAC8FD7A8,0D3D18617B0EA3F3BEE42B544592CF03C1E61F02
UZ5ZX95OEXVISZDN,6JRRJR3OHPJE7N6G,97A75597DCA32780AFC0F3320C05394B15BF3EDD9ED6DD36AAF34BD02E08DACF,8F55BEF9DE6FD8B0154A4CC02430F602904642F6
MXQINHS4EKEPZOPN,JMD5TETQNNRH2WTS,B3380ADD05089B8A8B6296E9049A446687E4488C62ECA2D8646EB6CDFF69703B,FEE2A0965D8D0F340B20725636B2DA20166B4AF1
GCBZTIKLFWM6X3H4,FWNYZWKJ2KO9FMC7,956A2796A96AE4E472D6072E57EDE5B3D0BF0CECE97958FB4BF912E17BAC2460,3431EF996DC537BD83A1C32BA52AB71520388D24
XUVVCLX5MKM29ADJ,QLUX2LGHT6WE9VSQ,360070875BF01A7583272A03A11C6B64CF3CF09D3309A0840017BE32353A90AD,4F12779F0BF4D5DF0403076B1E24A4E47E6C4A61
XOWJBVSFWYCLI5WJ,ZMUB2DGPKZMC5TP5,5DED355D1D3FB24B4272CF509393ADAE7074A722A08639791FC97F407BF21911,A33699BB114431D3ACDC8BE5B731EA5EE2AEC2BD
QXGIS8QHZWF7GGVT,IPURP0NAF8LSYAGX,5B5F90A685927E1127F31DBB064DE024319B7CAC8D267BC5103CFCEC6D0276A0,9FAE2602DB95679A2141847223F4656910038735
MTLNAEUQPIJ62ESH,LXXJVQX2QYJ7YJPM,27CB56F520F76E386D8F095CB9E719FEC8BA025ADA38162F3C03F651CF6555DE,E4ED408E8B6BE046418BF37F5356FA74B9A4DE76
DPBP87PKE7NUJ6CI,9DS0M1HHV5WCH98U,8E0001F82FCDE66425CEEC2372C924C6B32B4EFABD19EC7CE8673458B5AEF83B,A54FA68730AE3D463AC8545C17AC52D22B912545
5JSK2FYEUTKUGMOB,P8O8OB0W0OZPODYV,5B805A53F2D609428DAF4424DE96C1984802E37238E311E4C4CE8B9E12BD66B6,0F3C35573FDAE3504F47328221A113803933CF9A
6UMLPPIQX2SDTDLY,Q0FFIXMNYIARPB18,6AA2EDA92FCD0EE2AC04DE538D703BB345969A6C28B84ED3105388DB16F64FE7,6005654B4A6DEEAC8F1BCDD0C7861DAC69A9AD38
LI24DHTT1NLWVDWW,RGEJC08RGZKFSGTH,EA38CF480703A4DFB12D17FE8538790E55408A217757FACF80D3CFAFDF1B8E54,AFCDF6C8ABC2D61EF381D2A5471C044CAC4092EF
ORPPKKPMUDA43LA4,CDCRJCSW76WXJ296,C13FD9845A583B4C0AAADC0AC9947FBE256AF9E427E3CB10A69B8C3C6806654F,77753DCD9B4E4CF168EC111A06D1DAF428963376
18BDMYHUZWF2KTWU,2YXROISFTMIQEGXM,DBEFC2E134C7BB2FFBEB5C4FF3CF27F42A918E0B7DF16EDCA578D014201E4F93,2FE470103B6A7EB371557B2BA34A1D25C941F52C
GFVBOUFTHWO79DRW,BMZHWCEQRLBKQSNG,081C60AF6A3CB4B44DA6FAF52B06E33A3FC7D812B29F693DE99561E43E474F10,73C1E2BDF92839F5ACFD2E39EC5EE36E5E6162F6
3SYHEWSJ6K7T5GEV,KYNAQDH2QLVCHKGR,5CBBBCEE3364F6F9011E47E5325EB574040EF813362E681F2E7CD3C43E861E95,1EDF2E6375FBBC8E9690BEE78D145F0DC5732CFD
P9UVE6XDRT4AAMEQ,JMV1RG8NI3BE2HNL,0917A82C46D9022A5D088EB902FF9DE9E24DC485AE2D958CBE2B793EC200A34B,C744C2D6F6A5FA5C6CAA0E02C8E9EDE06DC12F0E
H1AMHYY03M4NLXQN,RA5VH9EAZWWWEMMP,41A6219CF6C1E200F03C8C58E691404E9C0F1BEAE405033CB190B3D731D5BEAB,CCAED5892196BEB1D1FC56A9FB250A402CBB2283
7XTMZRVH7MRNNRWN,3NWK6TIQEQ2BFXJY,68C9FF4177664C00F9CBB1AA937F9230A11C17FCBD90F2ED92DE0742247699D2,12E2E1C93EFE45678025AD22A82F53F435FEEF3A
N5LEF572LHTMJDXD,LDWRKMRJJLQL5BRB,F049F230D54C9E42B64F19CDF2BF84795E84AA78FFE31CE664ECDB281054914C,3BC1A599DC45C89EA7465641D43428D771213AD2
COKCWPCSKUSZIFHC,Y507YLJUUV5GDAV0,5CAE0C8EA817690ECD3851004F81E14DC5017199BC36577FA7454DA81BA1D0C7,5EF3A65A594586CAF2B9080E37AB3849912290B3
L24XPLI9TVOY81YK,CAUEGGMQUDK7NUW6,6BB805C055458A930D1A98B9BB2BB7CAAF02F087A5D82363B43BF98066847880,5501306E4AD4A361557C9F023EF33BA462DBD18A
TP50ELMESEPZ29ET,OCJ1BJAFRBAMFD24,61BE53BF58A2531124AB292E5CD51282BBC3DC18F9EF5C4B0D95E2DC8E41EF54,EF00DF96C4723A967A1B988C821ECD9FFDE5331C
PX1PGBLYIATZBVXM,ANA2DYNEVKFTM4K6,A71CDEEF175EAD8D46E97606923C588961B7A5FFAC6D85A47E69D50CC8B7B3BB,B5CBCBCB9334A09FF3963FEA3873C08D8EAA2FF2
WLRPLSMXL1D1NHMY,FTRHAFTXUFH5868S,AD2589E21648F5A22B8C0AA646A019BFC52FE0656A28B54C016F12C2C2238BDC,C19AB4D6DAF6A3874CE48EDFB4E024C5293A5A57
QDAFMBFS0COXH8ZI,LHCC88XKLDPVCQ5V,8B8A376886E1ABC1584960AD75BF35835D88CEAABBA273FC902F1EAD2BE871F4,F7F73D34EDFA49EB46D68A12891F157ABB07F089
ZDQD9ZCY1J1C4P4G,Z7ZQMMVRUUR7IMFJ,794B1D2C5D4B1136CAE93F67BAA42958BED0EB1D9C718518713242FFDFD2A8A8,68CF331179DFEF2A5B6BF26658AB2773A001CCD4
KJRB65YRORGGHCZG,UCXWFZEUC2R3N8HB,FD8E96144C184D694C26C0F3EFCF47BC97EEA8369AEAB7B2C8052D0BE81E9C09,6138C6C0AE6663E32132E51719AE31968F5613B3
PV4EMDOSOTPR0TVI,JAU9QHIRHTSGMIH9,F7C9D34C30BC3E986EC7F47E874A6CA8F8546304BEF4A4E6B4B9CA600FCAB959,E314E79343C4ABF518F3BB24F080F89CC67EE5C7
I3SZBPRTTBZGSGRD,T9KGZDIHK6ICCXTO,66A73AE1D8ABFF70B4F9734B874F589F1ECD5BC1C7D074D89B6A1E85CC2ADA38,529532ED30B7DC22AF7278647AEC7DC3FDED4817
EPJBU9AZJAGU6WDH,BHDG1OMYTXVOUFV3,6981B20C3F330CF4194960FFC9D5D03165253153A9537D06E58C8DE2C9D6A472,8D4B214F773E522B25233B270DDF312AE2B90607
19KSRO58M60FVP5C,1LQNGOVO9GKOIUZL,6EAC5830B3816391A8524A769B131EB354935FC46B2624CB10F1B80C0EA70E81,8D44C9047788B78078F609BAC73E8B91B5623B34
FUOBZO0AOCULNUCQ,EJZ4XYBUHKLTDKND,B4B9BD99FD24380B7636F4239D58B6EA14F235EB092D05348D40452478425253,680EA2B3B9A5D9E721F56489140A5E01551977CE
KOMBFELWJYDI9JIN,TLPJKGXWUF6N7PO6,D6D8D6107A67D7D9A25298FD670467AA9481A4C828B4CBC0C3C827FA9D294937,74BC30A11E892BEC69B7E2631CE018BEE50D6FEE
1C6UJHJQ6QUTSPD4,QXJY529Z9MAQHCFQ,36CE18E6FF105DC4AAA297B58C5BAA94FF5F1362ED2FBA9F698BAF2DEDF67DD3,48CDB7ACBDC447F4BE9F94BAD4BA6D4D77BB1388
ZZP9TFDJPBGZNX61,PXLPY263TEV4ZELA,DF5253FB3862E4D8D80EB7D728B2A34CD81B6AA8A8214C5739601002C0F16A13,9DDC4994DB55E0C50944273ED4F91D29FD02CA5A
WITGJSCWVEUHXNA4,HOCDXFKQ8RDWPQ6Y,3CB062F65D479123950132CDAEA2DFA82D870787C8E7706DA5A45A440A6B7EBD,319626F254B1109DF9FD367C5FB1C1BFB2EBF7E6
QRKWQ7L9DPPLK1L6,R7RTRXAD6Y4A2PDI,6A91E288C62C777F2DF7BA36B7108D714FF41AF3AEDE79575A946E332BEFBD1D,535F2AE13A855EFFB126058E14C8592E23D00DE7
KUKMRIZ0HALD2RDF,PD9TPFGMSCR3GLNE,D150AD0C7971FA0543814A0159528DCAC0BB24850A89B340C04AE80AE6B00C75,A1F110093DA8FC61D30A0E8AC970DD13968046A5
IWOV8W5KHK0IOCC1,OGAHWT97R0MLHWEE,4BD903E2D0C09188CE0B804C07017A74C33DBF144BE003E30BCB5FBAE27D9C59,9E11A771F4EB2281B90545AB3012AF025CF80C72
2CJDXRR7MBUHXNSP,5BOTL30B6WUWY0UH,DEA38098A57E824C36BFC6A892CA276C23338B2C97A77D3E256B08F049E0AD08,5B689EB475DEAE2CB34A95045B23E7207932552A
QCCRQQ6IASYPH0Y2,XA3R9XZJLNLRM5YZ,D29BB1CC89F1FE992E44AC7045C12ABABC39A55BE19F5E2F3AB539215B4AFFD3,E2287DA2A3FEE85B0761FBCBEA289E6B46FEBA13
CUOFYM0VVINZEMQ6,ZU6T5DERZEYWFIZO,4F84E3A365E8BF4E9ADA16280A152B0FA533D05BEC2497DFA4E2B1FDA9AD6AD9,8A811A08721DDC5C648E1B952960ED312E8E29F3
FXGW3GFQF9OY7WUS,6AKHRDOIU3MANBEP,FFF17D2FE78E2F195A8F0D22233B8110216207DF251C0FDE06AA982A37BCD303,BDD2DE118C29702D84DFCF918C68E9900165CC23
B3GOCCFT6SIW61IJ,GL7AEAJGWJYUGREF,472FC8459EF8D19E438A0229DEF20095053E3E64B6B9D96CEB5FF52580186BDA,1B1A7862D015A8210EE37B0673D9454E33592304
MKFUQZQSWSKMYQBC,8E2WWEDM0RR7DZUX,429A7BDCED8C32215A141379DD2BAF758E53A21B0E9AB9C51ED3E1E1486631A3,217D696D87F929326DF8DEAD2552D99AD610F2E4
5KMTCQNNU9CPPI6E,V2MOL0L4CKYGYGOS,2497DEA2C80D8F84769E0742C5125C4551A7A9479A25EE5846BF03CA5EA7113B,DEA2C7735440B4705AD987C7052C4B2B33094957
PULQWWU9B5YFDT99,HXCQREGWJREAW184,DCD6CDB59BD51992812A70030239681018B2F3B25A8816C75EB58A6E9DBB2858,425F0E582B46964FDC8DA01AB7D03184DEFEAD8F
GTQYT3G9NFJYQ0KV,E4SPSZJWW4BVOBED,FB780641BD49EA1AEAD3338A02F513AA243CD00C0CD36BA5F46A730D1A0E82FB,1A1E6490BA0D3B10451028F37404FC8D65DBE98F
9VFRXAYTETXL9V1I,QEHP1T9Z3WSCA21F,8E4983EA1FFFA413F54EF8DD1F6DAD7295A6DF541C4DE269BEC8BBE6C9B12686,D6CB64107E5EA3A8CDFBB11D7D5BE4C1D1A6FCD1
ZXTQXWCKH0THZNJE,BSWEBSVEPJOENAAF,ED7B6C43ED190D986BBE20F141864307B7E5C0B3F74D260D8DAF46429BCCDBD6,2DE69E3327F358535865B004D73D2684A4FCEA28
UUT7YKOOEERRZCML,M4PUYBZ926YG3Q9O,B810DC87C4E430B030EF7D40FE4100B2059230E0B89BB37A3BEF515A63BBD8CF,E55BE5CCE057F34C97739AA6F3C2D61BF6EE1646
PC1W2WPWECYXOQ0F,POFXBT2FXNTZJXHI,AE1A2F05F509B9AA450546ED620B3B6A3CCF2AC5FEFE019CD4503C0752684F9E,A0CAB83DAEF3F9F77C748B90574737E505C69A2B
OLDGGG7JGZO1VCPM,V0YEKTNLCFZVJMWO,464E0F67EDC346D5471754437AAF4D744F2E3CCF380BA6362CB1FD1E731BA008,BC6C325451B22CFFD7C39F71E1705BB58315678F
MEEFCDTMNPCHC44P,EOONLQ7QBOMVHLPZ,00714F79BD0C37B336216088A4ADCE90E2DADE0E02B2764F69802680B59CAD1C,6998338D799D04AC1A2C8C3E6563734EA00F98AE
XYZBAQFBHWDRJFRL,11THYC3KHKC7PKF5,98950BD0691664E911FC0BB486334935C16FD9C2B6B7E71B5F3AD859A17582FD,09564D28931018BF1E3C4234AB42BAFD2403B7E9
F4XN2UHYB0IMFXZE,EICJO4NSOI9DODVT,24CA5E6FF586746EE66AA9A8377ABA06634A1CF264DE74E3D16FC36D0D8D218D,2A8E5727B41803ADA7AE96B46DCDDE55B4246393
BXRIDJXVZ7SSZQJH,W1NPWJZNY5HC4IE1,B49067CAC40D5A86EEDAFB9475212990EC1F929810977D40C5CFF0F51B91A0FA,02071192667DC724FB22DDCAEB9ACE3231D0B1FD
G0UCFZFQKXUUKECC,J6L5QPNDQCOV5S8P,6C8CEAD5F3CFC7CB092D83A8429770EC8B266DF33D585E25543464A6E13FEA19,6216ABB9C7DBDB8D3ABB4E8A9D14B434D92647DB
MPKPX1L9XRFZ0FU6,G2BJ9J3GIEKREJ0P,1A1BF8AD25ADE54F8B7F7031766BAC2C71D4EAFA8ABB07CE0663267D99D2DA1C,3C414069898FADB25432FACB22B84C781D332A79
KZF2H3EWYANG9EEG,FVU0SKK9PHQ0HEKH,20C304C03C1E24368F378843845661128B6452C224B8451694D4D1532497DB9D,4F54E69CC1FC9509B0F4930CEEF893B43F2475BD
KXSQ832QLFOAISNF,TZXTMEOXEKTUC8IY,A9264CEBAE9634C5B1E8642B7A6D2301E61C3B8C1B84EFD480D9ABD1FCA8C627,04CC315EB43609F3F6E9FE78114A06D125F739EA
YDFZQSZO9BBWLKTP,SO03VWOAGQUNNMYN,D349E8A479A5E9E880BC236A3F16648892FD4DAEE0CA09BFAD55609B3509D7BD,415B9E28CC8BF91CDF6E8210C6E3D7E6E3A27335
EHT2G9WMHSGFZU69,OQ46UYL1AX986XQE,BB5EF60108A4FE81CE4D66193F06C9DFDEA77F451D4F19A8613FC44320316717,2BEA774FAE904831948C94A1D645016FF666C85C
V8A6TKVTT0CFZVQZ,RGZFTPFBMFWHKYOU,37C4B5472226DE5DC3F54CEA915056A3FD9B769E7520CDD9E1F60777EF337582,F4D9925EAF26684AC38153BA912729D1BA1BA3D7
NDANHPOQORO44VEQ,3QNTD9C1KGK518YD,BC4535D3C0BBDB6B1C55AF8F1777E9C74D168234DBF768A590DD73705376D67A,966D176CE6A1F33E4EAA2EE6B0FB7FE31F18F442
H4CDO0PA6D4F8WHB,GSUYE8CAS8H0GGCI,0699F4ABB576C4104043DB3A893AA3DD7EFEDBA0CA622BBDD06FB405C8671E86,6CE552048E9F58A3537579F146F7F836B94F7FCC
IHVA5DAROOK2S1IN,AODQHMHSLEOCCN1D,CF44CD6272CFA2B460ACF4052D6D44E40C7FCA30E0D4E5D82B4CEA304208284D,99EB8D0EA66B57DE4D929B587078F6C4C1352C45
5JPPC3ZWZO30UCB0,WG8ALQ4EE02EZZ5G,0520B19AF551CE3300EB79E716BDDA7C87696E4F3FD9999C9205EF3AD35480B6,6BB58A78FB4DD549381F73023CD1FA05356BE1D7
RGEGNCWPODX1BAKQ,YK6EVVYX2I8TN7BC,B1E6E664EA9DA28BA5D193ED658710470E41B065BF0B66B60A6050A8F8D584F3,8C6B7899E9CAC60460A478459309A5222F9FB5FD
ICLPOPBXM4OSSS5J,AMMCEQH905HY7WZX,A83144C9CF75FBFA7A578620DF9538810CBA150C3EC9ACB4BC4D4514F4BAD353,D391F00D6EB40BF859F094EE2777247B37884114
UPB8FFFRF6B39A7O,B51FF5SPCVHGDOX0,F6D9359F1F5673D9C9F0C5648109F5B4C900C011BFBF3C2295B6738D88E63A59,E98C2C433D4DC39FEBAE4C58D673C79C5DBEB2CC
GE90XPWSI16PRCLS,KP8UJLIFCOOSFRPL,65FE3B3D4715A9E5709D30CED116ACCB9BB54F98E2A699D11434911EA0FF9C83,7E2CA9367566BDE71519CBA41E0D3DE9A42630E1
KF3IED5MCZAVAHVR,YVWCRTAINFRTEA67,470F67149A97B2C2529D40D171554C277E51F20D8EBD95825675DC2F942671AC,C23AB82775F484ABF495BA488454CA42CD30A9C7
WESM3NNDYUEIBEYK,BMUECXBXIFAJFREO,CA901BCDDF006654C14C66E11385C9F6F55AFFBF1AE1511290430AAFD32368A7,CFB0006919465CE481D60B9ADB198B2D96361E52
PCYYT6TQBXZKCAJD,B6PT6AOMAOLXPUQZ,E24512190FA9DF2EE1954CE2DA5F5C099A79F5DD319C2AC0DC6C9DC9A7CD1A1E,E5F01FB64D2A1CA4C8B706745B29DB44CD1B23AE
5TSD46IVWXZUDNKJ,QTPT5KTWIFZBG1MZ,61328935B45575A4D58B288FF9A785146552F4C112C6689DEA551512EC2A613F,C78B3995C100E56208602C532AD6CBE11CA5FF10
RQFJBJK6QTULRPZB,UBNMELBPN50ZOSNR,833DB249A091D41034A5AABE486F9B1DCC6367028CFCE7995E54D609F94BEF31,A6F7FBAE56B1ECCBC6BFB2A5A6DB59D71E36FEB2
V9FPG3LWLHKZAMVQ,MULQ7IRAM6LKZQ8Q,941881C1DA1A02F655B6F65F75B01C326D9F92C8D5597B59A13144190BF1652F,2A9D43561DCC2D5D5A03D1C457830139BC19306C
FTCQR6MNKHBOM7SK,0ZSCXIPFOJWJMXHX,0FDBED8561D3207FF494E2A4DB0108ADDFC0A90A6A5628B3085054BC04624859,609F6C6F0CE2ACECEB039CF840199B7DED33095D
QZIUVIEJYJZBISVO,R7UI3GQRINQQMNNJ,2EA48C8040E610CAE7DE7918D75CCD22D8802907EF54135479461D20CA40E5F0,DB54EF972409CE7BDF3BA328C2180A6A0C8BE5DF
HONVLBBIZVIGAQKX,2RBRKU3ZFU4G2OTO,DCD0BFCD019A16D7C26BC0D32A439EB67E2AA3F53B4C3F0FD82D423C2E8D6331,A1993ABD18EF897B19717CF00C909E1E6226AB20
CKKQP4HGKX04EVFI,4Z2RPIX0JYTRPGRP,6E5B3D271B7E3DEDDB70932BE22A66216655F444D70056E32E327A54FAAF4627,EAE73ED17AA0E0838A4E8D12A44A8B9AD20A8BE0
