8G8XC69ORYONGJXK,BD2D397BF88F225491C665FF9D86E9731F53F0079EE0090ED7DB45727F459F72,9DB3B411728B4BA3C7DA58D34C13D4989CED729EB2151826AA4B6F0BF994620F,8DF5A0BDD6A8286A8D06D2764C458572175805063C5E6FE4995E91400A14A553,53EF6A323877541FD87E2F2286D1CED8F4636C6D8CC7091218CFEC9BFF6FBBEF86D765D91606626F,E2B3718F7435A0FA1E6BE02AA8189E0A7B96A39B
5EDSUHZWXWMRSPLV,49E9ED5D78A3E9B774BFEE5736485233EC0B4F70853A0AA890411B2B1BF7763D,89E37BF214003C9CFA19AEE3623DD03930C6FB1A36B8D05BA1E4B4AB7616539F,863A07A5F175091D191498D099F461B4FB5C20BD3D555DDD687357DA21C6A61E,2A62B28FD49CDEA14C68003B5FDE14D4E46DE23086C97BC92544A2DBF762D2875E41AC1AB2E72A26,21D0A4B66E5FBA7684CC0830D388E3DD49F1FCCD
WKY7TV4NDEFWN6UB,17582363DADD062BA41001DCC5A2AED0A8C0C00C40C5C66BED59094CC6371598,6C41A7E69B4130BAFDAA94D42EC19916492A876C19C55C36BF08093BE3E97ACA,C1091DD55FD05644F6641CDB7F9AC7264653C5C450BB03A3AA6A7ACB0BD7CFB5,97C687AF2AD3A4D931C2B81E0B88B049CCE7EF6AC9F6FEFF86B02B144CAE57AA74446299A508059B,8C3FAE0B365ED3BEA8863B4539F3EAFC7D5DE123
ZOK1NZ7KIHTVZCD6,E6A1217B6FD9C1E9FD61A9647830909F9E70F4B70BAFF7702A2B43A7091A3F63,88A96452C89972DB93C575665EA4C7088CAB5F6F1C3A6498FEEEDFE92932192A,927EA6FAD9B9A5E19FD5218E425DF6290007083362F731C660E7DC992F32B910,E61F816A0B12A84F037CCD0EDFE02A8050A276F005D7B22135A89C1375F699B37612302FFB03A44D,B0F16D7CC503EF4534EE5A614612B5AA7D6CA0E1
5N86XRCEFO7H6N7K,FBD92540187360271C679ABB3B47C141E927B29D57E0ACB182437DAFCB4FD833,CF6152FE2A3EF12C6453EFEE994AECBF614EEA7AC6DFD0CB4F2A0673667DA448,78D2E273037BC07024663FE93A865EA5B46FF82F7AAE7E05EFCFFC373C61168E,424B272474A0A981D10C7C8C054443898466C7D456E3199C272C9DF134D9BA0EB125D60C93C18208,D6B55C13A116A2D817C0026B26A31C21916D436B
I0RPTCRRQFPIUKMR,1E19ACAA8B26E58A5B9021620C1D67CC96DAA9A86F046D6A0DFA9778888FF3F2,23B84399F78108BE7F68DE0CD10F49490D7AB1DB6F5B47E9C2D168BDD01A2B47,72B23AA318E6E34D2EF66C599B6C09EB675B179A4AAA81814CDA6ABF520FA7C9,695F2ACFC5D3055C16787A036DF03AB8EA975F6EB4AF9222FCB20DBEEF7D0D4DA812FF81D027693C,D7FF102CDA36F9A9CE9F6A109B124BE9105A4A22
C0HGHR9FSFKAEEZE,22928E9EB9313D9F7E98D075AE8A6D432DD7378262CD2EE05DB32E3C7304DAA9,F9130EAF6B8F541110772E4075E30F24E8757CE3C3581EA228C6CE4D1E4B5D2D,19D5D04D81C4EAE27B04E94F45F765DF85798B1C011B25DCF55FCD35C29E3981,37A9CD881F67580AD8BB67DA9086B893FB99B42A16335A088D2A4BB24F60206DA20156329C7F013C,96BA707A6F0AE8039450F5D7010E447587ECC7B5
OE2GN3OTOJ6Z6JP6,9B3428D4C22122EB2D4FDC2CC847D6B3A7F70329AF6F8AF580A80554E041A42F,215B2957AEB1FCC856645E82D1C8B7947DA668175C0C4DC0B63E07A640720E7A,1C59B4BC449D7457AFC0C9A1D24334BF5679546C791D92AB487A63BBB8DB4DE0,792B2BA008CD561460B52DDB512408DC4F325827B657295E298592C3270D23BE1DABC9F0D3366ED4,EEF87B29FA30BF6ECEEE476FD8EA380DAA3B32D6
12UAKXMOPXLBOBHA,C50EBDB8C5493FA52A066E64E325979D240EDCA34394888244434F306440A5DE,6F189D0A6F1595D14CFE1629E2DA6E188D1AE40B2A0FC93A132BCC5FDA374BA6,8F26F9940047829DDB74CFA3A2E89CB16C4F9011E22C82BB8ACD5626B93C149D,A90714DAB625CEA3B0309B41BEDDC4C5C6E9BA4B454EE4EC4FC434E05B4897913D64FAABD5723DA3,2B31E27F3104921EC786F46C1FD185A8C3F8BA18
AGDJUDQCGSCU7WWD,F4C094B07C7AC133468D663EEF6695A6CE8AD173A597EAB654313D9A406F2C45,EA0C25099747601E9AB3BC3C6273BDD37AE2C41D703FF5068CADA4B7C3A9DA31,E27DE7D084B3BB83A30099415185801FB1594D1BAC4A12CF01943076E2285BAF,102693B71A9665A34EC0EFB6D36C924D4E8C3FE4D60255CBEAB0F83D8F9066ED2209B268F1330486,B80705EA17376C01EF494AE9706A1C4967AB9265
BSJA9ZFWGXSUDGAF,FFFF121B5876B471079C0F8C2A1C50C28D807BF9F4FC0A67456ECD50C137E4B4,3B8C60D82D78D4531EE23481F63CCB3BFD56C8CD35D497AA876263E8A4C4F21F,833225A346BD02D0D88ED0B0F56E29AF6959FDDC1BD50DE7A34DF5282A26D2D0,3FE9CFCE416AA0BD2037C489DCB82B2B97020E47768CB3B3856DE5EE6E28ED20F3121A2E8A32AAFA,A7AECD545C92F72D1E6E7D81CC48A160A6E9A641
7KUGM7HA1S529YMF,67E96F440799D494C17DFCAFCC2B0740A4B8887826658B283B936756721C2261,EB23DD666BE5FA390FEC923AC6DAD63F73D8FB365F5250AA9E009AAD764A09FD,9EC07E7210FC30F91FD9C98A9D02B578DA6D8A56B8B9F85A9F918085EB1DE967,927A9F5797125B3101698C1C5228E2A22F05A1B880C85C3C70B1E77A19C18FEAF215AF1F581D4CBF,9623C7419BE0649050EDF37CFEE19DF72A865E24
YLHBXVWI9SIAHEXN,6688754931F26A55E6D947042722A08C3DBFB8DAEF9DD6A5F8E24C4B6A544734,FDEBDB33D911704AB4B0EDB03E27C1B3EFD7448509F880BE0A093C8FDAD2C377,3D4391D5CF00800F093213458D696FF610072E5676118055D47812E5BC17AB48,931D7BB07632DB55993D3FD0317EC43995AA28A9BFA5D9ED55F8871E99DC7994E6BA9E36BB9510A6,991F1027C9E81096590400092EA6E575308782CB
IDI56BRGX9NAM4ZM,5BBF1A4A297AF93FC6AA274F7D4E5748C52E3DF6155D8D3567234770EE233286,CF01BC7784BBFA6FE770A033538B65D7BCFF081D07128F3BEC277D255E090385,F94D8008A6971EE3932DA28BFD64264CBB83EA4DC1A076C60DDF6BB4A55498AD,DF331FBAEFC27EAF0D48EDBADE873DBD06575843E4598D61B18ACE5B525C050095E05E021B5E786C,8F9A4AEB14A4C7F3BF4910ECB925C8E7B9FB09C5
TRNJBNMNTUO7IQ1L,1D95199ED40D1630A2E2431BB7307898DC1ACF4C676028595B62C0F10AFACE34,ABDB795BA4AA3F06465E8EC70F738598F19EBF8A7BB0A9CDC4549993121F051E,DDF825B19DCC618BA3A5B9B186D5D0BF9B49879072D50E3D5E54518A2ED03818,5F175783824DA352BD12025D39686F5158F0384DCEEB11591660530659D45F810A87F7B8B5556113,FBABE33703933ADED6E1DAD78DF2A67FB5290665
MQR9PCOZ4TJK5OSR,F1CE907369E380B278621538A6226A70477FE390C981C2F649100F31DE82E48B,E23FED4F3A17A75822E77E590940807480AF2A842A745D40A1CE33C681B587F6,830D26D2463A5B6F657CCE647949855FA5FA48796A167265BB7CC6B714998005,2AAC36527209C26FF7A0D7CAD8D19D8E1FF2F9F2D1F9CF959A7660B22B12DC1A6FC26653D1992675,3A49B24E87F958BA9887A98AA6DF1DBEBB75272A
LD1KBSGTZAZ3SUC4,724020AAB50D6E16388338B53D6837C7C503E6FC9B92D33967D85A061555EE34,50E1510448D5323CCD2DA23EB90AABDC88B18F0B8A626879FEF75BBD77B0C810,90E376D345965262C12A43C4594808762ED35DB825F6724772A8B6B6F63A537F,1232EA0C5889FB3D09E00893CB5139D7AF62BF50CA742B752D41132058C09C7D8682FEB50586124F,7C47FE60B5D479580641FCC1488B69AD45E6A2C0
3J69HS8VOTIA6X8B,F901BA0B152742D772569EFA9C52108831F2428F4EA6E3D72FA99A9D008A40CD,9B3B249FDC87C141A81BA8ED84C7D15A91A9C3B506C3AB1C8E0DF9FCEA115900,55AFF93796C4E9F897B8E342B3F16B5F23BA16DA1F61B12A636B0DC66D8633D0,9CD5DEC51F73838E0BAB5C4CCEEFDAC0534739D18915C4365715FCE701F637469BAE656E15212E58,EF4FA1FADF1687017872E279545B9B3897A1529F
6ZVASQHSL0SIKH21,B56CB76B2B20D1AF29DBF83C57A3490EF53E59F8D4E9855D86ED19AD531B0F8D,974AECA09A82E792DE760967D511F5282B89333D0B0E5238E35866CA27C95EA9,FDB4C1D384CCECA55479C207674AAB6989A45B541CB574F2BF8629880D8E8324,F1CB57121908227FB2012FB10AA325746AD06E3DC3DDAE8810BEF7373FD32B07B323691DB4B2976A,FD3E95913A0E9A49B890EF06207F47E5BEE1FD74
LZEPIMGM6Y1NEEVH,A14923D618C662D37503A629AEC34BC6C32D4EAB5D4AD4D7C7691C28A842B544,6E667F6C48589A6B82AC92F987682C4E068D75277FF34643FB1AB08D42208E8D,FAAC5085422B3D210A1C7EF5A413F34868AEEFA48C26C22E13A8971407614C70,0762255D9BA0867301F3146E0603C901E2FB3C4C5EB24CBD439E16527B5D54A683585C664923E8C7,429965515C8DEC4060CFAFE4932DD198CFA6A249
DAK4V5KILXRVXESW,A6E8D63139113F42CBE8324E7B93258A8361D71180157BD05A561BFA9A4B312F,94911239873F385EBF104784A0639B0FCE07F0D3331D6616E37C0314439BBC1E,44A4573C2D1A3B922B176B56BCE66A43215335F7664A44BC9F0DBD0797945249,AF1B46FDD2BFC5292BA05AC44A62FBFAC53E707C5BB87478C136F39D88FE43E38BA0291FB6733847,81998C94A0AF13F70EBF682374A2EC2397FAAACD
HG8ABEPMALLSBQPO,BF9CDD9589DC6DAE19A0A4B5A11FCAC991BDCFA9F6E9BF9A930ABEF2D33F57A4,C990EF8963B23C150B6425311BF5293027BBEC5B130A23C7098AA0A7B184CE17,8B33F349DCCF66A761F277EC4F00E85B5F876A99E18C276FA9BD4AC423B54125,E7E8C7F287A942A6480F89BC9C7C9EE72F5997EF026E43A3B8D5ED36F1E11F91418159DF268F69A5,0F0F74F7B2D528808031727B9F8E0033BD097E77
ASUE0F0Z0LX3HT5V,28D47F33F56DBA3C9CAC7EB57DC3897EB02B2E8E33214CD78607FBDF7BADDD5D,17C973AFFEC88EFA3FC724C7EF0B73F4BDF32356E1645FD66A428BAE78D6D611,093B922310BF293A81876138CC18374A04C49D97671B25382CEF5AF40C39A515,051877BA1C97DF72B70A0D63285079E129AFDB68BD35367F77F60CA240302E95A06F1E608D3238A1,8CA54DD8196428300AC585AB2430D6C01B82ED88
CJMHDYPCPQ2H4LBY,C6EBA785DB3E967B28CB4B71D3E8FDE51FADF5D3BECBF73815704AA81D827F0E,47AABCA283EBA274F2ED00B83FB6518E442D5D741DF3C949859C2CE3A4D5A64E,6D8FA2785C2A9755036533E5E960FB62BE2119CAE3E8F75E1886ECC1FC2B03F8,7265E491CA386773DC253C1E645E7B13C6AEDD7701EF6EDBBB88F5D8FF1A3ADBEE69A8C64CC2C7C8,43C467E48ED251964C43E9F4B56709ED2E59A62B
YUJVPH59WN4AIBH0,496D585215959D3A121F8E5A86B28C82F7F3C0900A7F57BCAC9FB60A03DA8633,F140A82140BF14CD6832801A996E19386A6C330DFE0DB32B6B7DDB50F8D122A9,0226ABF08850F04A27DBC1361FA62C2D01EF9604F18A6C420F88CA676D8E9A54,70A74D153E9D11BCC02430F5BA867224B5F0EE47BFF71F16583410E7EAF5AD7DACC6E3D7CC1B8C7C,7F03561AB037915A21BC23F4196BD935DD95E141
ICIJRQJVONGACCZO,2DEED466A61439ABD75FB98BB0492F3A71EBF76C020D32B6ADFCFC00B3001D9F,C96068450579673F6236913644BB0FE1DC3C5CD875B603EB64A77A992E7CAD3B,DC41014CB2C5DE2D7361D621C7AA9EE0798421D77E7E031AE14C15C77CD352A8,7DBFEC9712FF45339C880DED293092F00CF83D5D8E1523AD133C66D66E516684FA84118BB23C36D0,64D296B1ACE967EB806D17F96B311D194678D400
HRFKITYMRGIDSDVU,C261264296ADCA4A2984E7FA935AD2A2CB14910459D0B42EAEA2C6A5D9715129,763E3DD78E2535DED31F7604FC61CABBB093B63E1F81C69DF17219B23FF8BA8C,17DB202E0EAF60B2FBED95D2AB7A50B37240E9267ECC8C85C1E8068458F05E24,4821248FB8A3BD5213F9F4F65C0A73E98D2CB9A8E13B5E2C7C09E8F48AEBD6516565D9D0DE3FECC7,2090C4106DF1715E27F6B2592DE92B57FBC573F9
QV73PXBABJRD1M1P,5AD9AD3DC604AC61A890552E02E6DDDC9E1AACB1D9D558BB312D94919EFD2E1D,9D59C50146A00592695C0BFABC74519BE4EAB011A97BB674E1B35807A884EF91,26AB9B9979CAB2E4DB377D43950F62BEC82712DB08067B3DD0E1AA64C76FC21D,87CAB1A941836D0591502CAAB8CFCD79FC6E63B8DE370BD0AA65EA591CD237000A141D014D49633E,D6B7FA86FCA13C29C5003227C6921F5B1DACD50A
LVSKD3CTVZRA4CZR,AFEE62F1EEABB4771163AD38231476E1E8AB0D866817966C954988FE15D3C361,8E268D7B0F15352CFF457A313229C358F560258D96935430C3A45A3F3A190CB3,009BE0153CB83C6EEBD1130D5782AD1CB75EC0D8C9E690C89D0DD59F4A386F9A,A3E5DA99729DE7FE9C3323EB747149C8FABAA32759508A6568CA4FCDB1BA639EDE7D575FC6E66641,500A50E52925B1FD41FEA3592069E4F39DD7E515
U2MARIT7QCPLRJBS,3D8B2AC31D090CE4384A0EE071AC6EA4F20DADC4E442AE23E732D7A5511EA107,CADCA6228DE146B038F658B313D6C2F792848131C5CA054A049E6E7614A7620D,1BF1A89890E658FBAE86A3FD26197A66A127E4D40811475002EE1D914F28BE59,5F9BEF155975ABD6B5E89260143230E269FAF79E2141F8075E5D046BA34CFDB61F6B0E06DA33D0DF,259FA615A9F1189125A80CE07EA46812498A9434
Q94WKOE5NQIEEFQH,C7685315B7EEFE2C4BE828721AE6A36F24B4AEC486E8D7AAB777447FF1271076,9AE759477A2E2594F0293CFFD497AEAFF22E287D059710C0D83925228BC25A05,02BE241128EB28D004A4773D47EFA41470357201BE9199101926EEBC9A8EF9B4,273F7BA61C2CB1FDCDFBE3217AB14A7D1D3E4685EDD0486986321C6DFCDD0B79B381EE3E39727A6C,A942CD3C827B28FCA042E86D2190C6222631EC43
89EG6P8MXVUZI9BG,9F7B6D23DB4C368723FE6ACFEE97201567D968D5129E7AC79A0A74B64A6BAFC4,B105F3304FFBFA1EDB309A03BDC644472943BB058D09A026A413774422D66AC6,AF483F988A28136B658250D398A6B298DB5280E0E93F12625DBE6CA219EC56FD,6420B9FDB2F9CC769665203581BCEF7D39042917FF32C070B5BA0AEE7B970947C0944F512741DF64,5E956432A31831D88002BE71E7B7814604E1F3AA
AL5326F4SUEEJJ5E,FC27C93FE205CD9DB2733191CA2058984434E79A1488DC647DBF0EF154428263,DF903F8EC622AC0C3C83D2836B52B3A3C5D126E2DD8AB3572ACEC94018E23DCF,3242517C8F5CCC9F7B7D6D91D075B378649197D44570233F16851CA28CEF676C,9B0C60A80EDD2C8F47033CFC801E6CDD1A96D1A9E1801775B73590CA948F62A5873D38A884951E81,0F9BE658E42AE740BBE3C63E2F1EEA6AC8C0D290
JHDWENPRM9JF31WN,BECF1AB9F483BF70CDB23276DDAF79DC71965512AF688141A2C9545A2CA1D150,875C208E7274526CE222D8BAA2DA324D7974460BE9CA6412E2F3C5F28E185351,6328C126205ADE5FD194EF79BBF696A5F2C3383158EC205058102B3B9C0002A9,B8832EE13831D215D057FEBFCDEE9E0AA0D51D9397DCC86943B6B261BF30C65C4114D580A095C048,D8A12B51D33C07B18C40350AE586BA3B95FD1BF4
V5IOB34XEIYT2GP2,32DC60F3E215597042A1339CD920F88DFA990F72D84A8F8CC34CB4D0083DADC5,052DEEA0AED1D9F0CB9BA9C057B53C246091B760C01EB53EEFA9470D93A9D019,4036462EB5EDE25CE5322EB29BB5D095C02C6FC935C182364E3F55ADE304B06C,CA258FF6CF3AFAA85881437DD0E1A3876A393DC9CB2DEE698DCB7F6ED08205B4E83D73A007C3340B,27E30F17140156706D4620A81FEDABF934ED999D
KOCNTT77ZCBUFXDJ,664B3346142F4B175562ADD28A4F845C6BDADE8D62F18A9C803F9159B57D38F0,FF9137B95912BA7434FD6E00BCD364E4637F62A754430F79149351F951411457,268874B8254DDF819948EA1AACAA5FFA1C81F2F31F127892A1AA866D0CAFAE20,AD2EC416139D855254BC44D96815E1E8FBF90F94DEEE210349CD47B540A7958D614E806E4358F372,C1EC094390020C885B5923AA65AFED7FE5A2ED30
C1J9HNWUHFV2GTAV,900C1F1D463464A5DDCC21C7B6987350F1D121AD350F10F79DFB7E94DB78B496,9FB2E4FCA3604D72EEEE17ED809C2882466BF29F9143B133B74E87AF243E76C4,47E9F800239FEBF15DB4336F4C08C9C90CA21B73C3D538CB9243F77A36898778,7DE7533DF880F45737C6A45E327A0DA765D0EAC584E5D0F51F9AC7CF8EF7AF45A12CAE69BB6597F1,5D68342774F32B643C2382181F7FC92B04E68D26
UHFAW3HAJKVTRTSN,3030CBF6351A76405346AFC9AA6C74A1C6A558A061A7521E93A06CEBD4D8C87A,C5FF300FA345D4BF685459407431116786B98BF7C05700DC5ADCA23F9133220F,0E79869DB28C069624BE2EC3D9839BD1253987CB20072D06E2469207C1033574,3D7874D5690D4976545EF1BAFB6AC7EB626DDFC3EA180ADED588F5E4C6EB14EB2952D22D05408F25,C2F9FC387C50D5E5DFD811BF823030D1472BE671
LKUFU43RZKVALWGM,73C5CF119A2FF44001C828DA3F69D3C87C3B16D1042B153D808CF81130F13197,9A674537844F04A37E703F0F70E8420E7F42644A341F693958413FDA5C35351E,F80B36CF3723EA75099BAFEF9D811FC66A472EFFEF384A7BEAD01623C4BFD1D9,EC7C7BA012B1006E01A6BB4DC57C338FC1FA6AE8322C6654364D91FA1378170EF7D8D0BA0C0DC746,68C0B2A03A5966AA5689C0ED1D91439BB1A9F0C4
QP2E02UVV4QWRDKO,C3F4E13A923B0729F7D8B8C89BA0AC040E443BD577339262876B6856A5E648B4,6E0587932243124A2630174D7F4BEDA85265C3E9BF951A5C8C4DEB945389AEAB,319AE1A019E70799E7CE875A26B83F114D0446BCBCA4399F2E24A0DD8891C509,7A530A51349FB8BEB276F553405856D660899B3153E3CDF8BC697DB6BC25879D6B152988477BBCFF,8AF88B911FBCA2D570AA75F8BCDCE326CA3F230B
HEZF1PGKKW6RIUBG,5E264EB3A0E960A9E7CC3CF892719B6B30B76ADAE71A172821D8A81BCE151DE3,FB2639EF35655F47D720439AFD0EBC706F3EBFE249F2B132D60B2A8D38AC81F5,FB94A738E6F9E39B9DBFF8A8171D16F32C3923D009470F322EF779EF33BC86C7,2F5D3EF5D888AE257DF24C0E65CE00B5523D0686F77B589999A98E4B971075CF93BDC67271C8F1B5,BEC0CD81814A65B0F1C39907DF09E1CA454A61E7
1UDH7G7MNOIPH0F3,8A7DAF8C0912B732AE545A2761898A10633F9CF089C509F424AB608DB8123465,34CCCFA5B5BD86683927CFA2FE3908215BEF90E6D50AF13FDC8E2E7820F0CB1A,8EA4B1B70F6CF49BD54E55E4D00221F691636FE437CB45CA70090D2E1D9ABE7F,5B1A91ADA0B20AD89AEE1F78AE78EF795BEAA8AAF032018D59C9B552B09D34AC7E316331CD8FFE4E,EFD8E0D8D99373FC787589513A506EB9BAEFD741
OFQGSYJW764Z44I7,98CF7DF8B16D7AD056E71F563FD96164E2FEC8B0424E850D84A99F561B38109A,E18E6A45CC16A62A6263343C9047136F43E3DED72F87049ECB9AC45740AB0576,864B91783353FBE6B6AE0E1885B0C6DF2CFB1F0519E4FD147FA868E5B4E7E0AE,506469369D255AC3A1F412BCC9E841031190EE4CB4D93F79E51B9D6F9868C59B4FB5AEAEEB9A5B13,6F5B7CB94141024F652E86D477EE67B506A1FE47
RDIEHMPVUSRNOPSB,AFC3B7C848B7759385442B2B59D4D939C653FA2ABB78B297D55EDDCBDA099EF1,970A4C95CB3B4E79B9FD0445EE7783927C83914EE4CE96E2531599963E9DAF74,4B80E1E4CC750EFF4F376BC664E4B1142CF4D4F3A631A95551A61886D42F51E8,BDC1E8226BCC5BB7D7B9D19FBF8DC4BEBDD4A940BAB88EFF19AFB0E96E2C1621D7256E337595ACB4,5D63082DA0D2533D5154E30281B6B9140BB06809
H72ENQGULRHHLQHL,5E9F551DBFD676CB43A4108AE80908AF553292F209DB93F522582362D8FA8BDB,7F4A507DFF7ADDCD4CB8FDA3A707D53EE7151FDD0996CE138182F854367825F8,A7375020EAA6D696F92F5609995E4DF7CE29F57706F9C9F441D64E4ACB4167FB,AF885E896402B7CAEB5E702BDB2C3477A067B27AD65196EBE1D1EC3BEAC80469528E426BD10A4DAE,EBFE18DAB822DBBF29D95ED611EC87F0B67211B7
1FJVSQJBSVASC2TP,12D9340A032E78805DF839EC8B56D9B0567A5374FEFF730968ACE205CA71017A,2D579D2BD1E5933B2AA242E6BDC8DA2A6FD9562FAE1BA293BC2A78E4312DED76,7E74EAA282584D4A478789718BCF8F3B4986C12B0151FF0139A9214F93E496C2,4B5EEE00AD970D47B46F3B9A18FBECF1F7FEE6711D922FDE649800BCB5CE439908F70BB1653FC03A,342189F0F6A1FEA45489917313FA85010D042488
9CDBML1MC0UDKATT,123B1D26B534399124A520F0A3A2D0CABE0AD53D10B769C8FE03D98BE6CF304A,5D28CEC0D28EDAC8292C138063C3385B9BDF93AA4F3AF2E676E31413962D0A91,C260F81DEF28C50E2467B0B758C4870BA2C88B5B06C15C259873E5E0BA9154B2,F3765C0F5722BE170A977CE70383C3926ED99D0A71D5CB14D782217A89D39F34933C49A9FD56BBC7,F4E7FBFD540F1449E7D0E915657323135242C6B1
NON5N8DMZNZY7QL6,5F77EB6B722AD40AA6ECF00DAFE1FC584DCBC9830764CDCB5667EBBA83EA8321,3BF38708D26530DEA829AB82FD2FFDF9BC3CF68DEB3A807DF02C41E3D4EED376,94B1EB3CBFC48AB900D7A60496AC2724FDED3D78BBB930C82A84F35B7D86C4B4,B417F96D44652870216ECF274F12EEF6B8CB7FABCCC52F32FF7CEDFDFD5505CDBAAB0A153D5A3DB1,C311F8344B43C4ABB02365445C6E242DCE0348E0
CEFECBFJQ01MOUQ7,C0FF14C8E56398270C9EC52E510B217D1E01772ABFD7D5CF604EB376EF992A4C,88B7BDBF6464D7F9A0F2AA60813F13B8336FBAAE7031543DD1F6D3A92DCB7E63,FE5992AA5EA3C2878F44DCC918670DFA4E5EF8748FEA7DEC29D7863917B5AE62,5F44E05499D28530752ADA247756EBD9E91FA50CC02233F6A3C909C2A507771DBC45172A1D8396BC,F963F151CDA2174E092C050338ED84214CBC7C88
HHQNP0GMTVLUFTFX,C06B198DBD1E00DA4B99D1E19BEF6B26DD99ED9F0E4E3CAA0942BAE3F6A80BA5,F51737EE5886FDA9A13479D99574389B7299E8017DCF77983F5A06DB636B213F,96FA1E4A8BFD167D8056F76CC647CBDCC71F84B63DDB7A93A44F425C95F37E39,F8728B3166072D6510EFD9EE1D3B6B6C27E4CD68E59A5E8A6192C7F4172EAE3A89BEC6AAB3C1ED3A,996DF296F14B33D1A5B095E5ED859F1E98E5EDDA
Z2CUQHLUHL2HWYB0,EA283C8CA64D4A2DBCE744A711B7D40464EE0A76A22A47F309D21BE66430EFF7,04C356994C185F57BCE19ED170CF295A610B35B4D5AE9C501625D92F0FD68572,0B366F75EE053835CA9462844F12048360CCD761DB95DF0F679046AC53084743,88DEE6FF5D4B24B4EABF1E4072BA899282E8EBE91CAAFC3C571907F42EB6725736DB51FC35621A3F,BED234904FDFE4A9099CB3EE2CF4CB1118D764A2
GRDHLUHGQQHC9M2U,12BB879A653292AC3D4B613D657805E36143DE7F95CECCB10B87A5A5638B961D,4AD95F2114E1E081758EE6A7AF003C073FA65C22E702A07B9DC78A480D996AED,5F281296AEAE52198E2D2439EF744E169EADE995FF727B2CC2751C4AA0ECDDF5,D2916606CAEFDC1E54B0A3F971AFE0C31831792AE70B4B11221B39AA45E2C323831C78657D299AE5,DB43355C35CB9C8522B4B687D6E985FB69B5BC21
4D4VBW3PSI4YP6TN,2CCFEFF6C2B73DD37E43E19A978EBC1D4AF9095F3E99C89E64D0EB236BB65DE3,77E7F63363DE5FCA2ED6CBDDEE1EB281CB0B0FE7F9F49895F12F4F737D3CA4B0,C655C12495F8CB9D999E1FA41E914A981C9DAFF6DD812C023942FBE7470BCBCD,FDE71BE39C38638661DA324FD28C42FDFB75FCCF7E755BF170F9E5CB39EC5D8989FA677B2F651F6F,466C62A104881579CDDD67AE9514EDFBE2F15A30
TXII5U3FPGZAMADV,FD0C621179207BBF064C78544188C135D0B88C1756D06B2E5A5CBFCFD78F5568,C5939AC2939056E9E55A85A886890724BAE4E52EBAA0A7AE9DFDB3AB0905EDDF,C1BDEA5FECF5F80A7D54035B1E882089DBE59BC7EF96C8944DC5D41C5FD009BD,859F542817DB58BF24498508B692F1F5AE59D2713BA0F58DEC6285A1E1F061DC6B2921F28C680EDA,E73C3FB431119FCA7D3743388FBCC9D95BD50126
BE2YMVMJSBVNMKTN,A17F8AD712FF4522DC5A7F354D3F805BAFED5730C4B83EDC8629905F71CFD486,078D70B5927DA06543D9EDACB5A4FC79F160CF62EEE3CE594E830FB0A7808025,40AFCDFD2ED6F24C1E7E29E54080951AA421E2E812F9D73AB6646CA4DCC493AC,C8B61956E7946AE42F5C206264A83EDFCFD9331D88662D35C1AC7CAE9B198251B58948F0F707862D,1EBB64E148EC58E4C76D0C9D57F2CDC9E8D3A744
DOC814M8IJGDWGCU,279E9F1E61A59CEDCA3386DFAC03740CEE15F657387BC69C391B496240E66DB2,74A5316246E6E42EF574C537521DBA0A9BD72E45D903E9C3D7036F49232B6167,BC4043CB71FD4C2B8BA47F20BFC37AB23A58749000717F440FE9D8194D453829,0A55FFD532614FD35AFC2984359D85707E48C4145B3CA8D7256D7E4B9A6992E92300279FAFE3096E,AF14382E21BA014E22FDC229B6111242E10B54C1
YFLY8TT28CMNPOAJ,57597BDB00DA484E68C010AB91B8F98056ACC063618639FB0F5B1C493D61DF75,BA82D42CA5E449423737F44F078EDF8C75177D0F38DA2090F6DDFBF4645BD7AC,44CDDF54EBA1B1BAA676C119B5837BC6F72003D73B9DC1C8DA1FAFB28BCC119C,418113E567CA633622499752566DA84F474744E3A2A8182D530BF221E90FAB1FD7A0B859FB9A64F9,622514A2CDA9942C7E349D783B3845B280228BA1
RALBD9TM7KTHM0ZO,C91DAB080BDBE3C45044CE5BC5C13569194DBC46736C8EA8AD2242E3F62B6445,B692E55A20A9B0419431D35A8A2B5B49E8FFE70147A40DD467B0D0E4899DB8A1,78702CB40BC8A90EBF2D96B6388CDC6FB413DDAC116C4D86E5BC5C28F97E0673,2EC83284FF0E33EC3896354A411E10E64953B8AD045529E7FE15E88D93F20639B1D924A61F6DFB8E,42A828D9E55C5C576BE0F0A7B3353C94B9769758
ZETTXHWFEYYIUKKG,099A142AE2AA54D2B0519FC866206627E2E91516AAC0017A005C149A9A736312,1065FC281025CF1E62BA9E5FBD78F0F84EDE9E6FE8AFCD14C9CC795764311805,DC703B52F64A2994F30F2850F995B91CA342EC29D2709BBCC06738644A438982,1B50ECD04DC6BB16C758E351DFF86FEF7E7905DE35FD75E390660C463E27514D14391516B1917FD9,1BD39FE4C65160EABA2A19457F7D06F9635F885E
ESQASGXBYU0GFBZN,2EC22495E26350693EE68AC2498CC33C09086DC7E91D006FC5434AD0A0D465C6,F9DAE75BF4D9145EDA1E953EF823B58612F97BC6BE6008F67702726C5017C54F,34C1717260FFF2598C144AE74B7F5044B449086A4C952A8AEE1B2643B84DF8F8,83BEECC56FF462C259A06607874A5EE85C2C170C6620369931F37038D3F2E861C4CC265917C1F1F0,A58FC7C2248E20CECBB018E55F99C2D5F44B3AC5
SOMDPA5G8JV3QII8,00D17E724970AF17A23A3DBA60B1B679A4CCCC8A131A4154905725C857345AE6,45C5F58DA31AC447CD105E5A9817EB2A6946D292BF8A2D13B50E65F7CDD3F1E9,DA664FFAA869FBF2FDB0D1221F020C4718464B3C40F976F926BC185B51BFFA3B,4AC8A29D885A48F221119620006EA7364648E20FB9A986D163DCDBBC5B6D080ED6F339A04DA8E8B9,9B9219B2D5E55F8EC7A06E50DB0330B16A41951A
HKOPA7HKGMMTETI3,7A4CC50C24340D22B23658096E87D0AB7A6E46B6640F1A4EE27B326B3D500619,14F879E2DBC6FEDA0F7F76FD598208980A4265F4F62D419B9D6CDA738A87B92D,57340654C837CDB266032A269E70D97E9B98E5ED8F1059D1738034C1E550DAC1,5CC550A5B8D875499606DC0AF5F5E295EB064DEACC151C7A0AAE78AC8DD4094D92D70CE976BA2745,39D5F890123E15AD72732BEAA587B6FB3B451BC7
F8PVRUGNTCNB5KTJ,AFFD2F95418BB111E80552F0A5AD89CDC990A7DC0D0EF3E4BD0CEC0E2E773313,F70FAED1E7CA5289BBC3FA96A1D5CE278C290573F22CD1CC45761596BEDAB0FC,D2CFF191A86E37DBF980E3B613704865FA81598B3ED1E056255AB7E56BB71162,9B9CA32B3E102841862C1E3D0910102FBAF6C113F40D9B2B29DCEB1E3C2E37F0E9E608731B45F6D3,BD50446C3FE58262BBC1DD372E099409DD5275FF
IG6X07PDNOC9LLZD,83039F2F03B098634252EA582835961A5E718581DFE77E5898E674543693FCEB,CF42C4C28049BCA3F219A87D1E69BEC8CC330A1C5979A926D7164EDA56DB3630,5B18681908A35503F3E19A1A112D55BAEB8B8D7BCFCF9D342F8BE18089793E8E,EC0C1DEAFC5744DEE7BF3CAE922ADA447BE2ED810069D94618D3D67F93F3686D9E4774B470403CE5,FD5CE24453623978DA74AE449755E6082C42E2B0
ZZOYS18CARPKSTJX,99DDA4A86A4C311BD29C29F7738B2CE61AB70DCF2EE611D8836F14EC6FBE69F4,5DC8DE6DE7863509C90BE2DDE9600758D9521502B87E8FDF41D047408E36895A,164D83DCF7936E69B944C35A879CAA18117E550D92BB89282DE729734E02E76F,D39A026043A4C8AB5141CBE650DC19C49BB1C86C218D1CE85B1E69F76A88EBC776CC934942FE6B29,89313EFCEEC779C289F53BFE055E5A2CCAFE8948
DFOLHTOFYMPHQDP0,F8EE6FC1B8CD4868409815619B5E0791FE260C1308B761820E7116B6E40E792A,13E3FEE112D22BF66174974C5D21603535A568DC0531FD561B55F76B8EAFD219,0AD60E8FFF3FC0A05EC8195A4C5863DE903CF005A58151334A9F023249D90135,D9C1E096F9FAA031C58EB1899397BA8853670EBB1D63BA2DF81C25470FC4F924351B56DD91E1B50F,E6ECA2B0FCFF228578DB27ED3E27CBEC690D932F
LMEA6UTJLBUZSPWV,675E23980ACA176E825EB380D991C8D57C952C43A32E3A9B98AE6946B12C441C,F2BB3841B4DE196E0AD9CEE2086E29BBBD72366180358CC1F4D9FD06704A2FA7,B412F9463346EC0E488076D568206FD0FEFA9493BF17A98B6A992F095AA9263B,4068B7C618733C5838A1DC7A3FFB71D85E60CF65025C90EF0DF66129C275FA6A8F597F9B8EA35C4C,59E3D364B03EB50A3DECF2703AC2003F8BD8A025
AQCEJXQGFMCSCLUF,7554461B5970E2C4F783F33EA4A7F78345CCBF80B3D50A5FCF20040A3CBE5FD4,6365246447559ACA15C20A0D71EF60A127AFF12FEB8CB085D1BD0070DBC497F8,DB9D4552D479ADB80C2F1B24F8CCCEBAE9E2803FF6D5845E342A7E50E08F7403,14C56D320CCC8797C865F49351D7A1ADE3BAD07505E4C3167CC703DB78526DF294ECFDA11F54E104,AFD8F3BC9FAA29C676510A3ED7757B2AD5191A00
O4DYKNEN6RT8LBYH,9F0CC069F4ED5BACD407F78E9C5F26824EB41DEC67EE9782831D8B1BC775F02F,A4449A8BFEBDD507620FEAC506C53C31EF9E6B60986AD744590DE4D69E44C2D2,FE320EBD0054BA4424491EC50335B4400E91A034255568B0D3786E7D60743EAC,BA4FD7D555F2189BD6E5181F713416E2D1EB9EAB918A71B5801871132ABA78D0DF1EE5A0C01D869B,0793FE5CF730D094EF4BA836FDD0A8A687483DB6
K3KUZW8SSVBL4VJG,8AE420421C7E102D0484C3B3FAE72F02CF3115FEE8A98553C08C3DD3F6CEE9D9,E92BBCEB9151CBD788A52EF92B92EB495A8957D85BC29F553D7C6B156121135F,A61C398F3A2E158AC7AA9A014267C6D793BB059D6474E8AB727D56B68274B539,1D284B539AA4B70DEBB85F0BD3ED4C7F29D091F37F87036FACDD9AF5BAFD5156BCE91E019FD6E26A,CE1BBFAD329957B905E310235A3B605B29F133E1
HE9XDKQQ8NBLTA7H,E080BEB762B3F78AAE36E16316D932A709B2C3E4285A8EA9794C71351B684B7F,E6ECF34B6E346D35A6F26611387B805D372C8179D2D3C7453C69AB462EC81EA2,787C9E2A5D0F5740767ECC2C3245602466C871098443B61F7D4776C1084B6DE7,080812CA0A4D42A7E90D938B859C00F117CF5118D60F96EF92B05E0DCBB6AF96C56E04CB196BBD77,954C43799974AF2C5F94FE35BB59706F20942BE5
FOQVZKJVXB45FAKU,6AD370832BC7D416381B8B1FE520B61732B07F9910A0F38FC202CEBDF112AFD5,E4991DCE654678B1A88FFECCF5B8E4DB3B487D26961EA42F5CFC8D601CEDFCCE,056AEB99A23BC35BE02A64BDECA2A6EA19F256E6C7B531724E323F7F67BC62C4,0121BB7DB5129EFF9A4291722E4A098BB786B6D4075198DEC61B8305A0E334100C885E5068716348,0D8976CCC13C3D6997FC0FBD4B5F5D3478D0C5EE
1HRXXNEBG2H9CXZA,C6EAD041421E4C71E2FAE4E9BA2F77015871A15338EFD7D8E1494AB4AAB23944,C6C31E28C0C1F58A2F8055407F62931A5D5F30C878D5C1590596904192B9245B,50BDCBB4877FF5648EE85734D8AE690E432C0C4ABC7ED268D5377F67C79F4AAA,90883D0C2C6A5DC670093F85A9CCFE889CA2D441D712DBBFDDA70583E8A3CE0C4ED3F43B23C88A47,1A52575C9E32A175AD8438DE7B279A851336FAB9
UVDUFDIZAC1RVSTR,4BFEE07B203198AEFAAC29F0A782FEDC09A00B62D305A8D891CF17975D14B0F5,59A1279A068FC81E6632995199772BBD39D4550E435BC7CDE2E42B92BC7F8CD1,64051980837C39F9815101C5C0E332BCF0A2CCDCCEAAB6876B4F0DF6039BFABF,35B641B36D217AD67649BAE1F824E7BF849DECC80D1FAE4E85A8BAC9EE9E550429B2C3EB159D8DA8,D3FE46478A940780E6EEDBADC12736F8132FC934
TWNIV8EQA4MDT5RO,E52B1DE6D7CDA22B1A03AFC42C4B5DE8EF3F221F25E20F8AF3DDE434EABBACAF,28F9EB7C21CE1F4F0A307436DDA93D3AB012FE40292D7EC8F6C908D9FFDCEB14,D1067C8344800A3C9F8A35EB2A595FBF57526B4DEC8E465B34FC799D8BD0E010,A2EB86F9277D89C1A20AB2395BBF098F82833A4B4926BB36DE2EA33F45710186ADEDA55186B48218,D38B433397A5D37CA1FD93DC201ABDFA40A9190C
TJXPZC48F9ACWDTK,C9C05AF8C28B67B78932AC53659D709ED417A25DCAC5AA63452C706A60D06494,C67F3BBEA2ACC7B51BC379098EC326DAA7C270528637B2402DAD05BBE5E909F6,E42B9153EE400BC946EB5D32EFC06BCAB13E63A01D7D09B0472D0E62FBC7BD93,304448CC54C342E28D77C4230323E4258CBB9D61FEAFD94C1547A62518AE6E00030431E9CE145AD2,3999B5B8356D5D79ACBCB86A25700FE5C4B9656E
XNTCUSMN1DZCYNBD,82DD86BF71729B5FD21E827C7B1E9E297416417921DB1409DF3619344290C376,D55766D0506582B35C9A3939A1E42EE7F0CA8944F796E4E12BBA901E71714FDA,F96189FB994E65C27B92E9949CC4B3203C27141F09C60C80D02C78F166D9167C,4D6AFB5EE530C1ED018299E5B019E8BA035E1549812253AC721880A52623B6F02DE2F7D5F5D72D00,0EF509BB0255FCA467BA005870EDA768E75C78ED
5VKDC5SEVVDNI15Q,85C4529B89F0B890EF80EA735C3BDBEBCA37C23CFC3BC343BBA12D17DFF76320,F1A5C10CADB1FB72A455B26F86002173CD1DFE32FB0BA8E1556BF33226E0B115,18A6CC4B12E4717C1C5B9918B94E9ED462E7063C4FEEF3061D79223C7E7C98D1,8E6CA6B642A8ECCF3B263300F501195C00FCBF293F483DF92421D295DA05B59A41A25DB8424925DA,CD6B2B8BE21D806A095E4D59E4C14863DC811B00
6O0QZMMGFLWCB2UZ,C32ECFDC159524220C0BB389F5E28E299C23A275D271EF03B80464068BDB924F,9793685851C735F7B115611C783207264ABA15634A1AC271E5B177A52069C210,1F98F480A4509DCA98F39B07D54A05AC6C73BC86EF2793BF66CC9AD991C2CC5E,34EA7017ABFCBD419A6A4F18C0D02DDF28E813D36B3E16D64D8C9D907F4CA6130DE2A53FCA8ED23C,D4770EE3EE1D02F48BE4601A3A341089BDAE4F9D
GH5CA81CFLQNJAE2,81A925B13A3FFFCE6597D18E92DEB15CE0D7501117FEACCCB3C8E5F7ECF60A3A,470BE76D27C5C5B39785105EC6BDB9230F113EE03B8A1C3E737A0C2CC9D5D762,CAC72C3B6EFDA309A9D272FD7E1ED4C6537412F2E1C005884800F742E94CC715,70FA1EBAFD4EA71B87BC063364C24C50D917013991BA4E2A1E0239BE3369635DF7D3AAA16972B8FE,A578A1435B1BE2300924C441AF0D8E3906B25274
EUQJ9F2DV25YIO9V,7F9515C9E903B0ADFD577CAA90F87F3EC237423B75CFFCD51D0F2B80C48E38AB,A512FA568F04CA0F8D25B0B8F1707C2BFB1694B0F5F1472CC2FAE5B4E821E149,AEE39C4893C87EB9A760174D4C3097698072DE60A5AB7B452C9DACC20E4AA353,1CCBB6A0E2CE4766038FC6544E39634EB71D5016586132AD6EE875E6D4B4A899538CEBB0E41255AD,F4CFD75F688450434357AF70CEA8B1E136F30C1F
OM74M6M9FGDRPGA7,DE093738AA8FE634F3C16E4A263169F7FBD3CA976DA10542C19D780C8537011B,E00AEFA347CE2C0FAE69064138A3105DF9738673EAAB1DA90D4B1EF6DB54D60B,932D2C19EB90DE56405AB049671C2EBD07660371EA20287109A5D0D727B82220,C8EC884D65A19479F3A8204131D30A017267794E2B9DF19DCFFF43AF37A8BDD8402DED63E19FE0D8,BC7C9AE6D41C0105EE95EE37D33F7770B6DD4AA0
TKDJLB1PB8700RHM,BCDC91DE32760CD278C42CD37ABA49C62B5F66910C4E4A04EE4676E5142B919A,D5A443209BE6EE3977B709FD5451CE8D71D61F9DE6C091432D81BED0511416AE,158C67555C6800EF6FE0DF715449F3192AB6E0306ADAAF74D03288C84064AB78,CEB106DF5FD29656F8CD902F3376FE5995DC357FCE19FDDE2B455823279C050EE32951992D2FD2D7,83B9840701D221256A57A60B0FE7F2D0ADA00F4E
XDQKVGTA24MG4EDQ,FAE634C19D8A257F7CD2625F0B00F5D139F152FB8F004DF30470F814AAD786A3,2FF6DE8BADA882367502B7A48DCBB898351083880E9E70D71E19BD282B19D44A,EB384E0A73EA802EB209D2EAB8A5D9CCD35804DEEFD0F8469C6163C126572D23,4275675CCB5F129E037B45586702E278978C9DA885F35222C4299AE27EAC6B201AD2813E7BDA21D4,9B7E3E8AC3303ACD7E6F30313B2D68926DA85F7F
EJGQJYHJOLM5F1ON,B5EA34C5588242AA211B432AD4F5D03059A82322615C7A3E60A9B36B633C5A66,7845C867715081EFCCADD22CA16872D3C8F264B0A0977760561B3522449C7175,455E53DBA6423AF92D91BB577F15505AC764837F7CA24360BE22912C55EA5D9D,0B73DFADB23FDBB5DBE46154EF48478079EF495174F6341C7A3A994E74710635A59DD513608307A9,1BA6B304B7CFF9CF430BB079674E0991125D669D
NLBPEACUKT9UQ5CA,BC58083CBACC98A0C51A4553FD52B1DE935741EA5A47CEA192E39DE9BB1C1497,445804634C6453B4DFAC4EA027D5CB25C1E02CDAFF6AD05EB1133BF6D0067C55,AA378A5BDDB061A340DE774A7F7521DBF60F9C69B4F7346719C8FB528DCAD62D,1A29C6A688925178C2CA93D5FDE932E470A87A3BD70105521A2C3AE14AA0F4244877691710252474,EE392836D8482BFF1A84B07D21BCFE2DAED310B5
M8BFBXZFBSQCKHKV,05C964626FC8B7CFCFB2D13E140EF82164BECE42B1540E2BEDB5F945B4934FD4,1303186F0E2CE719C7596E5CC0DE508B5ACC71F792065EDB77ADDB526FB45DFA,4E6FE693880DAC3BF8D2515CF6AA4F8AFD9C9142FAD19F346FD532A4B7C868C1,55085E8ED1FB5E222E168FFA89EDACAF87D3B9B54E175BAD9B175D2D30CBFCC107421461EB250D60,D10385842902288DBB03B223E7491395B2F82A77
RGOC8TXZ31OOAZH9,EFEA23BAFDF9B1D2A9EAE2E6F343F22D95B2028335008F4010D33E93F3276929,BEA6CF46FF4F3A410BC074D0FE9DF36EB4945BF785BA115FBE301E5D4422D38B,AF5C3C71B1CEC305659900540D10BB60256DEF4355E3BB9305DBE8D03ECCD2BA,81CC4AE414CF9F28BFA33459A49E80B465253A95953E5080A31D7786D472E5601A0B5E528D43E690,F1D300ADEF52BA7EDC5A5F90821593D13C9D12DA
ZITTX5PKERXMNHLN,8171976C812D9473C9CC62737E4ED81216F4451AFD69AA90DC03E8C3B43E8EDE,3AEAAE3D5B6420377BC0BB941416BE9AA2627DACA1C3BCC1F38A49D7B44E1A51,7A657FE8A04BDFC477568C5CBC1CD15F1A1E70B83901681F0CED39B76B1811E1,33D64F8A25DAEE2519A13C43E5B3B69A21EAF1AA2694345193E94D680969433A2793C9DA023C1F48,D160F34A9C321F99E876E12E0AA67BFD586FFE64
HDP9I6B9SEHVML7G,4F20038204A0A8F0A2A3E5A91A9951B3E11DD39FDFA2038EA298E7CF612A560D,134DFBD082538AFD24C26C30612D9073C5760A10992F3FB9914E2B136D54F853,CBFC59161C47DACFB70AE0D3AB4340E36A80B7C27114DBCC493DCFDF3D3E9CA1,EC4D4CF892D14FAA6AB7807E500CAA2ED28F4E66F36958B392FE92698DE055809F77744339DC5889,E91DE8D530ACAFF5C62E62DB9C9931A95941CBA8
LTRIZP9DYAEBVH47,4FEE2A00BB8689711E4B03A6244075AC74EBFE17F4331412903160D67B29035C,171907B0CC92A3B6E0BE793BE2AA964915B28504083F14128DBB29D703ACA0AF,CDEEB16D7D711ABDB8F752F2F96945B0326D3D43FAA8B24C146350EE8336D7F7,DB305F3213A1BA2E888AA723CE8BD3AE5CE119962D8985401C77D61FCE9A1E3C1777DCEB22972E75,4187DC684DE7FC813CEF9210B107736A6AF27134
VOCIHYS5ARQTQ7VQ,113215D2578B73846150F6B4249D0F25CD7094C4267CDE99F38B95631BC5E3D6,F7170E3092BB6CEB97FE2BC9B56FFAED4CED11B15D4FEC73A02A156AEC175907,8A9D612E44363708E24121C72304146221530C78081C07CA966EA9706E9EC7FF,CE7BD4C9965CBE9E2D7FE8BE636FCC8FB270A367D9822526F2E63210814951F2EDD766C0F973556B,8088FD94A01FE0276A20BA206006C24CDDD0F854
AQZD9NPOMWBHGRXL,CD3669DEB90F115B653BA474B78CFDD2401E94BC6DC1703279F98B2BDDE6BDB3,909A7FB768946A4FEBDF2D6849527F97B9335FC0A32C40F3F2ECD1B9D0796623,DC308A7005FB8BF58ABB7F8D85B32CB83F1703C3410105FED98AECE9FDEECC96,FBDC057AE1C0217D304EDE9B830FA60E4FE42DC85650C088FAA06F095640FEBE3593A308590662B3,682E226C92AD98575BE894FD3DB852D7A2190A56
VLAINK9BGV1QZLPN,9332D33B28A807D57469EBAD3E433D0FCD8076CC2E7AD06AE6DF739F798A219A,100FD2487B321A6A67ACF8743E3B9B1A32DBCC5BEE312F111777DBCA6F2073B0,92A84C464037B8F2F13C21D97785812DADD18F33EE969DD375CC55C445E331FB,BCC1F1FFBA1FA711233EFAED7B8D6952A768D0048AED22E07FE31B6C90687925EB5EA7AA1545AB7D,779DCAD2C27F0DE2CD4E0DABF730E96DC2D81C6A
JWSFENQ5CDIRCH65,6EEB9075228C7B215BD9F565798D86F42DD5E31F28EC00CB24A332DF5FB1BAD0,A05F4BCBBE276FCC34FCE1D12303E866D4E430F09FB6EA500DDDF898039F22BE,D56E9FE9EC2833388462C6E9FE4B2B65EC8CB88251065B5DE37080BC8D1091EB,BAD868A940E0377DB1EED282FB340C052DE7B7BDF0B8C6E4FBA7BB765482BA3E00DC35C62F83DA4D,812272592A2BEE010A586479D2AFF9EE8D8AB0DB
TDEGEC8QVEOA1HGA,F4181E5930E227E35EB52B75211AC30A000DC369343555D7D16F17586CBAC659,9BE3D5A9FB2770ED8D107321FF1162D99FD856770271F08F04D4DAED3762DF53,0BBA612E868E3C679120DD04DC18A62C310D313FAF977855C9EBD0B9D7193364,F84E519298EC8F1E56BD4CA805AC6062E33717FF65069A512DDB6D756D8D89E67DE2E7DBFA76D2F4,381AC2C7D1016DD72848A3D3F5542E20643BDA7E
JKQZTVU9XIXZEW3J,CD3FC8E3EA37D1254F5FB5F02E2EDD12D34CD9093DA8B864FDD1C6358CEAC3D8,4D0C841FC2490960522511BAC07D334EE42E8C149DA644359567010672714D1B,B79232DCFC6D7F4AEA89D21EC87714478149E1BDBAF4B39F3C464239220350D9,48B29FBBC861AC3D55CD07D2D4776E3A31398F545DE7290690BE39200E17EDF2F705813B3F01B3F9,543FAD3C555E37A47BD24F801672B0E081EE0A6E
JYWIS31R3VQLWYCY,6EDB31FCDF1122C70415FBA4C3418CA21D03D032CF4EE0369C7C148C3659789E,676902017822AD555AC260B7A295CE812EB79E3E7393FE936F9D951EDFA3D7D1,56A3BBD4E041D8F0303EE515E59D08E6FE20AE320EF38FF187CCF184C07C0417,FE18A9DDBFA09CBCAC385D1D4D8FFB1A64266EC423EDD0B2CA5DF4D0E4AD48661F825E1E3D4208B9,558B30900ECE27739764C3EE67E8E31F2069B581
6VP3VFEHFPIS63WP,C81646BCACC61CAC65008FB8305688314F2B08B1E3CD7B250DFB2748F38FA2C8,252B371C16EF584C9431AF46663BEA2E6359CE322D32AFE52B146BBCD64432D4,B8F8D3E98BBA08A3E4EA904D669E5F389951B163467356F87E7AF9529BF29DF2,F2AC7FB318DF54E09A2C90D101D38B0F529B5808D467323A31B14FA815EC6E5508C04430ACE6B533,C1BD00F5ADA1441B56661320E82F7339926CFC2B
SWT1EHYYMTMP04SA,47BE297C833E90364458ABD04017C14597B9854324FFF41DC9B4E2FA20FA4930,3FB7FD01BCB1ACCB98C0ED595C1188A802F93A22F53C15835189783C0FD59AE2,86944E59420D2D8479B59926A69EBC3948E6C1C25906499F7064ECF88D323F4C,EF5A2CBE5FA3E97E89EBD939C1041405E2D4ADC57B4F35BC17C2022D744A49175655D0359F5C5E71,8F2F612A8F8E733E04F45F0EF97780FE6AF59997
