DGRDG3KXFROOLH0N,DA286A8251B4745B4312937958F0AFF8,CFFC07427B1164046DE64339A1DC83C7,5CF037F3DDE7CAA6DFFCEE317EFC22E4761CE24F3CA75BF24845669B4AE08649D19D72ADD1412870,E9A5C9286216C64BC6B38071E6B9551CD71EFD71
G4K8WIPT52BYO1JZ,CA3AF649B9669A7A8AFD73AD31FEE894,262B486C046DA76347B0D97A8D2855D4,946818DC7822256A7A3CA8470FE29BAF0F005978D43081F9BBE63ECBBDD2532A95164247E80C9B00,ECDA75D2C3FE4A4CFA4690C4F105FF8A0CFF2F3A
1WMH8G9DFAU7BF4P,8C238707FDB9ADE891CCBCFFFA232F0A,6DC55B5C41AF24D4D0FD2A0A1EEE4D26,3BBB7853B9AE6F66ECCF3AE78D275E0ABE6E5F4EA1D5B05048DCDF8EC907BE9A9FCE798CE1787B1C,667B4497CAEC8B75606616831BE50252FB010F24
NVVXCOUTDHXFOIBW,AEF630BAA1F308AFFD8E65C366FA50C2,E4ADD25AF04C0584A7EC1186C069180F,F925E77A42DE4E47407373373E9C6C2FE564D5E72E0394550F2197103AACE5FD136D87463D78B7BE,2867FA93A89F412738ABAA7CDDDA148B6D089156
QL7DGA8TKU2WDQR0,C609FF6F7163FF00EA4B716892BDCA63,C88916969C121B1336850B55A470F1D6,0BCA36C0D8A294C8462061EE69A0EA5BA420692E8D4BFFFA4EAB24E7AD0A81F6476835AFCBD0FCF4,29C401ABF1B9427007877D6EA46E8738569BD752
E0M5DLBN5JNLAF31,24DD0F6D6CC7ADDF6C151DBEDFFDF4C1,D99A4177535A4AFADAB90DE4989A0220,8E63A86E5585826F326EA5DCE0DA8A69B999805DA05A34EB981BA155F62FF11A54913620949EF908,38DD610B616553DD8F60B8EFD41C1861ECD10143
BHIGB5APFZISN874,C1CAEF3283BD1020187AE2FEB340B095,88602B8C225E84D9A8FA3EB0B6449CA6,1A0B37C4911CB21EF820E06FC4E41420E49BE5C13749C1F5C62891FB17EDD8DAFE719029B5D13B42,813093EC5C37C50EB4356DFEA7AAC7B53DA24E6D
PFBOSHTMUSQKV3ZX,FBD5C886DC18F755B83D87AC9B4CDB1F,426F19DB50CE7F132AF992C6F3867F34,8C594BECF720D75DE07699B74AF521832021E008027B4288C2754D18E93D4A4D61A3C36B07BD1D23,DE0C952EFCD963429C38EDD7CE36898E5B69466F
SP3WU8JYOALDTHXA,6EE32BBE9492CEEE4217DBB5E10E4B34,6D3C8C8E7D8AACC037757DC1ABF6C84D,BD8B0A7CE71654A6BF1935E28D5F3A3BECDD35874082E1F4638462801CFE85EDF6E3B733253313CA,0D36A2267EBA9DECB394EA00B62602C2304785C8
FRG16J2RYOGRNIVI,4E55A50A158AC42B19F55146F9FF57E6,967C29E45F46C65263FF895901D10DF2,1152052E2BB15254571D67029AB265D5310D861C0B447826CDEBE86FF26E49FCDBA3A412FEFF0B61,AE94C35DADABDD3F42B13918B1599C51D04076C7
JL51ZUHWV9AVQDYH,2DFF3DA8B8C94D14DC652AA737DC433E,B0550DFFADC0C135626AB215735476ED,E587239493E2FCD0FAE0746314C9F7F33A5CAC2E6F35624FE1A658386A3E6F38B2B15AA5678762AB,84859DCD92652CE1B39066C24E02BCA2E624E677
ORLMWQ4MJNBEJ5GR,9E84346B98A0BCD0A02EAF9D52B043A3,4B9DCD94694CB30A454DB35B9EBF7DD5,ED22A46A334ED466F8E42C10E38F29F91160E3485D6B30A414F9D6DFA18964C1A04B980C004C0047,5FDF146046B21404E9D0D9E8A51DFFEB1D3D8701
Y1ST9ILIMWTMSBA2,369785226FC35484AF3D8661F3BD5533,88B73257ADD1609C986161D9867364FA,F266973FBE189E09A2FA514088801E8BFEE2F7C37057789E637769CB16B64410A79438DB9EF20A8D,3717FA28B2EA93204C2CBE691BD91694B4FF3882
EIT0QO9E5EIM4LK0,B9636EF24D94182B078BD56C493D806A,FD44158D40C005C975B72435BE10D6D5,C33538EE220C9BBFCA6FBEFA78FC0E2408CAC89AD31CC94390DD41AC42BA37D7F513C94C3EBF8348,EDB6FDBB1B5C693E06C4C4BB2F8363A3F6677CC7
UAULOY896YFBAZ7F,881DDD9A3E0695DB1681AB8102AD364C,CBCA8B558B5463ECA8DA0754120C104B,33802460573404F6B170BDC48D28DCD313305C347684461D8CF6AC5A5813D0DA104805A70C0FBEAD,17BB6B8B7FCBCA6F339F8FDEFB3D125FC85572D1
VGYOBSNCV4DBEXBY,F14D2EA8AA71A857642C1314A3A72F6E,4ED8DF7218E5DED6939E2D63C106ED25,3C1F6C498C61632ED14E566A5A27FA69CC89183EB9DDAE69EC441C8E2881E3E627462D46AC32997E,6195BCCDEFC26A862B0B6ADEC950681CA9F71867
JSCYEMUF0LQXVHSZ,0F941C974FD403994A64799A54344555,B828A342376C0966DC12BAB5AD0BD022,994F2CE7EADED86E6144375C893D934DB6B2E899EFC7587A4066E966882FB44149DEE36A0DB2E52C,968D72452DD2E686F8A6A4C7BE8C98627BB287BF
U8IYKQI9ZFZUHWHZ,16358BF30A1E7708D0FD4294E0CA4756,A2AC3BCA60D688B6D8E4137550105694,35459D013D188A0BA19AFB0BDAF87D9DAC2DDBEF3FB154B43BBAD82D48B0B3D854607A7056C3129B,FCC6270059D9A06A7CFD54C677A8DDD2DDD92A03
Q6ABXFT9HJVDDLC9,D9C84ECBB7DF27E7AABEDF7E4A8DF45A,FE9BE569006CE43C4AFD4DE9FA928252,CEC5F02CDEA3A3DC4BEBCFF3ED3F0770E14796DCB8FA4AF0EEA121B8D62312FAB91778DF4D267F4D,9608D4236A42B396211F48E4ACC9BE30500D5563
D5KJ1YVI7ZY4Q6IH,F2FF3ED4BD0399BB098302D965650422,E75D928B34D6D18517F6130444EECE49,7ADE0ACF76B871B7EA09C1F93342E6D3FB5CAB936AE81F158A50E4A2CF9BD3BE14AF783485BA053F,58CF02C37197703206A36C33AAD24A7B5B7F43D3
1ZUKFIFMUSU26E0T,DDEE83C4ABCEF35DCC13EDB7B7A9A77D,0143D1C5063D1C93C5C7FF810AB83957,01983B300CB7E10D17F79109107D8F1E581665CB17FABDF85E9910AA3F155E2FA8D57F6EA5E7289F,7D9BA9E902BB95F2DF8106FA98D421833871B6DF
BDIV6SJCNTHLAAUJ,E8898ED58C6E5F0A630A6148A8F15B77,F11CBA6DD054BC91423F35ED48DA2D62,C00C100BFBCC5C38591D958B4E4029000585DE09B78972161A630DDD41BE1021A15AB2F5C330EF78,C50C7B85AEB4EA4C6F28A647DC2EE1988E16BC09
BU8FMDS3RWF4UJGN,94618BC1C2F5F58D78D5FE345904E26E,1A90AD38DFE714F3B40BF57DAC6857E2,154F8612DFB547C7C20AC9BA4D0BBB290FC2165450410EA4BF2E40AACBCFAA7603D053D0159DF2B0,5164F74D11D83299E39B5B3FC44D6DFCD20CC87F
YUWLVTFGJWZUE2FN,77A0E2298A91F06B78AD9DAEB41EEE23,7C9E4EF7130B273AA1F289EAB8493449,9D8BC4898F06F3FFE6DB857B4256062F97FAC27573661200A782384C99E44CC84740F673FABCB971,57ACAB5DCF39BDE6E047D0486D186C79D250993F
HCMT69HNWGUCCGZJ,6560D9E47D8F9AA47B7F265F0EBDDC5D,71B6C2D189CEB5ACEDDB1FB5A7988B4E,A56E989D11665A3CD06D3B0E0D05D5C4E00CE5D1DD90DBBCFC52A3F9842242FEFE58482C6B837279,547BF97BB929AA14118CBAF98B2426ACB859EBA5
NNUOWQVMEY0I1NMC,1199DB9960C28E368367A8FCD66EEAF5,BC087B9690E300427065EF3AA350AE15,E462D86A8CD399CD9B2FD8313CEFCBFDD17CA858BF2C685DC0FF6EAE41888ED633ED3CD554CA7B6D,B471A9FECBE05ADD684B00AFFED78E9C7950FECA
OJ40NUPHTIPIHMBD,131ACD1AF7F5A68FF74D4790FB6C31D6,6CABCBD9B290C3B530EFE2B67A93168A,CB78DFD2627D4F06D07D0E89BCD7E60B05D6DCD36C521BCA877D31D4C11BAAC0112A49B0BC7E9230,445E65ACDA6B80FA2F6874F6511C88A8E456BB53
X4OTFUOX8HHH63RR,7F2698CA2927778E26F20C7E4CAC0632,9BDB2DB25AE248BB7643EB8886401500,1D00381C84EF574C5526C5AE56CD5788F93988EBCB8A832361D610E0DC394003CC1AAA5D3FB0905D,E586CF1DB9CFFEF45EBE2A0A5553F53E54ADFCFA
YTDKOMXLWMXQJJ0C,728BE87C749DDD358A5B3B7D7DEBC4AA,82CD48F54D921614984D22E58F252672,9AC747F76B98AA34FA9010D114C022D7C785B4DC96E859CE3C5E08AF0658C8E5CED77E37573522BE,D0DE98BE6E9338D251F080C2A59E023CA05E5638
SG6JREJRV52CYLQW,E73B4E3509DF4D071099407CEE87C3B3,16752E87D093BB0E2FD2DC389572C288,B22FEF10E61926DE72849054321E581E21B566ADDEF4C2916994A52CC91DC80B1AF3D06E29650C14,BEAE500E2ED9C60922083DBA0C2C65DA5CBA0A2B
NFB7GNSGD3RNH6AG,7D5B0064519C18D8C54D218B65A258F3,56B123916354812A3576ADC797863D45,422E597F32E50194A091C6AD12C11E30ACBFF78275232D550141646B7B80216B49DBA73E0E80806D,099C772E94CDD1BFD918081AD720E2AAC4722CE8
8HGSJTAUOKJ66JYK,F0D0DE2CE63263E17A725AF8232D17D2,96899BABFDB8C9CD7488836AD52703D4,40F64542985DF6A8CFD097A54B531595571D6DCA69619DBF33F0023098D3D15465B65163DBB7619C,3DA785E8975FB4112CE5B579C3952E595EF60A35
FLCTUGIKJOXIW12O,5884656031E10F61A3FD230A9F96B764,30F917FB35FEDBF45CA816BD751BAADD,63BFD32945FE4B3F73D214B3A5662E97C29043D4ADF34A2EBFC6114286F68431233970F9E2B4A103,0B66F9058F8D78664302B78345E43A3B89977680
O3V9INB3IXB1MFXE,AB220FE7CB94A7174D1E7F1A4B413B81,860FBB2E27E60FAE6E62C0030A69A808,D826E86C323943629417F9AF377230A228F03E9AD8F75B09FAB0DB071F025E8E01833241D311426E,83DEE2117AC19B2E80FB0D3294DCD1D3E01B06BF
6FD5QAGRZPBNGWEB,614331439A0F55770E692CFC0AE63CFB,9F308AE21A75B2BE484FD52A3040043F,BCB2466FCFBDA67BBF81C80CBCC159F79698B1DFF7606C16D37B6A381DB74E9EA61EFEE9B69B6236,EEE15589A89D1581AFB2E553AA1671883F9C2E34
0NACTI7XR8Z4HGPL,CD1C6356C598E1EC5093C8DDBF8EAB4D,EDA922BA6168B7C781099B34ECF5A11C,00B4D52CBCE412C7FDDE8DAFC6446AC9C117110415AD701FE883D5A501E6E0A6F133D13F1BCF78E3,9AB97FEA87BF13D703773DB7871A763237C92BCF
EI8YPSTF1IIPSC86,15774D165BDA2DB711C460021D621213,C58F5DAA4268E818796F17D84DF712B4,C154F0961CCFEF3E3C3115463D02F48A232500625F8D147C54B807D54006DB6517AE5CC4FA3A103A,F7064E94D499B5700828C5F4BD77A03E9AAA1A37
N4QZWR6QGUAHPYRR,17CFB978A8C16A6B9A8EFC07E0C098EB,961959439AF11FD218A8D0EB4A90A9BF,E100F3645334736660348E347C9F81783A9561044EF0B25C9DD64814A295BB94DD47385EA07BA6B8,A098A36E8DAA2A49CAAC709A13FA821635934122
TFIMXJNMPSIVROUS,20D1A48B7065FB08BEEC0FAC34BE1CC3,5C4902402949794D4C414D9B33CBAE35,93620A610F0CE9EAE959975625D75302F7935483161157FCBC9E73209D46B862C41C4C59C254E284,F1B26B0B7995F36E0820759730E346FC829CAF42
EN1UD97YVKBTGYOD,24C4B2E511BE3F9D39C22C2DC0D0317F,DBBD9BB683029CD2F6CB670FBE226D70,D8594461D11B084B9C37B71D244D4DB9CFF29D1D10800BB2358E019094408D4EC8150DECFB692D8A,C706F9CFF1666E4C9C4AE1588C516439927AB976
UNJ3CLNTXEU7RGUF,BDC7DE36672FFEF74250A7D2E2633AD7,E474E745D1125B52FEDB790F2E7B5664,B264298A7B294DBE023E11B5422B7BD80BA742DC29B043DD89E3BDBA79D929099B2C7C0BDB53FD45,597CB4C76FCF2FC9773A1E724E08C8611242EBED
EUGSBOXWCDGFLOH9,65641CD132643BD278A75F8B812D4BE9,6C3A368E4D428F29B8D84F5C31A58B99,3181434A6AE7F48AD8790B69B76B3BB267F64BC6CD6D823574F488847410696A12C0CF958EA0AF59,4F353ABC57419A44FE6661BFF9F1E31C1DDBEA4E
4IKSHPQQWBS7RYZH,C395D3C9144DBF590B94EE9042F6FE59,C2E8C237FC202E423010ADEC2357832D,0770F6183A44D562896F1D34680FCCE2BA9DAABC698D2FE375D324F57C356799AA69A7377D31347C,B6B0C92172C9232B98FA13FBCF2E8D24F5ADDF94
EBCFJYPME5JKFZQZ,DB1B2A52DDFAEA3E5B5D06951FAC0DC3,18F695EB361249CF186C96AEA2694596,F4E36AD436F9F37364E12806648526AE14F048AC85A760EB26EE04D4A7F36EE8E83CF913B63B0571,088B0D5477B82FB9AA6F7BEDFBC9AA962D7FBF3B
WHI8HCSYGSRNUF3S,FCA08D94E962429F6C81B13FE93E31F0,EB669C1217E7B606DD8CB3D1483679BF,19C0025A995E1B3EFFDB2BF3D66D8325279791948F3E6D918016ADB1DA5540BA47CEC1E3D2C33BEB,1E084653FF241DBAABA9CA5448F42E1755B34593
R3ZYDV3GIGXVUNDK,9492D349B942267646C274099CA37852,3E61916BDD9BC5ED720FE351999EF462,48369804C5F71C470A08EA124767E710346BD7773C5C700A46A2707A6D0C95078106CDD7526CCC4B,A8FBC94E7C17F62AA218EB13744E5D4393573311
ULO3JWI3TBXWC1DL,7D9B2DD8BF5CEFF4ED865DE20919AA5E,91E23A9208E9AB1F228762A2AED873CC,AF78EB813789E022C25C09749184C46455814B48851D3C56532AEA90880550A24880604FB865D291,C05347A2DFD72FD1C350C61313DB330FEEC98898
5K5BBWATWUUYSXWD,66C60854D4BA968341D66512116AA48E,5DA9652985409D60CE4720542D3C03CB,510342CEF5BD822F94AF6A41D7282DCB3F43E4074212FE5D696249918D720A17783CA3294EE43782,4D0C047CBB252BD8FA4829F1673676055DD41B7F
LGKQGV12PMN77NYF,40A6B8FDB6FC149061BB1DC5E81E4411,97C6E47E06A49494FB0335A74270E047,0B78D62B28C06842CBFC4F2524698CE976B860686B2CCC96359B53CD93ACC81472D68A550711F727,3731C87EFA9DCC389A63607651BB0890C6C62116
SPNGROHQ8J0OTQNN,2A975FD8DBA13A2D1382501DED31C569,2861B2D8051252EB855DA4EB30D2C68D,190F49E3D2D8AC257634393946B20CBE386AA293E7C301B900BFBB4350FE00E5CB5C60EB807B2C7F,3A65590C9373C09959DD86539A70FE9573E5A9DC
0WRVF0INRAKDURSN,5AAAAB2DE8C251FB5F2F0AAC02A4C218,6C1702994A25B772CE86C86BB4C1A520,7ABDAFD6CA0F5DF3B77B44FB19D3249724194178518BED7630715DF30740CF5D798BB32D0638218E,EFD3B6F9240F00AEB62BC049A466DC189927D967
1JEDU18YKL1TKHBS,A2291C166FB21E915EB2489F7A1CA2B2,7196E100B9E162D5EDCD4D3BAB0C98E9,EE03EAD6B4BC80388A22C8629F22266F64429ECC0C2A1740948FF2EC9FD31DEBF75487C2A35CAA59,10D6E494DAFAB6F130E0F49B946E4CB6F2A27D32
82D3XRQNFTACFETH,D82E0836BFD6F07B4D69BA65BA05F476,1D319F22DFA3F5A510608066D3B8A373,53A28EA0746A62BDB70350787D576273FD9835FDEE95ACC01ABD57C6F548AB979D78769F3912EBE1,B896BBE43D902DAC9E0CE934AA73DBA30921D1A8
ADY17NHXWKPKFC1W,D205903EE2C034B2F64832DAB1F2F9F8,915803199B01DC40BFD3F6E1A418E65C,F0C51F698003139355E7B6BD60A006B4631E5DCEC67A54A63E0A3768A465D7FE3A9E0A5431E46A88,F5D42DDB23BD60A117634B9F2EC7E473E27322C5
XSMOI3ET66RSOOS5,FEEB0FA5B88D46E00A8E3C1E34E349A8,A50C941EE4A3C3780EF423DAA3A3BA41,86B4EA97CF7E1CCF3A1BC36340C54545505EE1A69A249884E4CB74ED21BA8193BD09A7314DBDA04D,C34D235600D6FD7366E1D5276B23F914342072D1
SH81LYHTJZJXIQO5,B9DABE44C146B19F9758A07E57F472B9,BDF48E4F1961CB2F18B3F83BE47C3F95,076D42B40187A31AB4295320442337AF6566C278CEF10903966F8E8A89A70DCC92586BF482640ED2,0CF69FA65B1BACBA326175579865BD9E63698898
PUJ8KKPHEPB9KXOC,52672A5A267048042E29908B4C6F9A37,B768BF3BD93C4B0394C91E38FA32039E,042A05AEB40453CD78E25AF99A09F73FA3700C782D45DB9F5F612F9CCA33532EEF8B340E42A633A3,99EA90330B9829C4EBAD17BF6606EA29A814E0E1
PODM88SUMPDXMKDP,90CB3BBC023281901AD9BDA79961C433,3034B8A413DE83D7991903261D9849FD,8518D78E1147E21DD4DA971FD1963EC94A9CF71FDC259C208E55B8B5B41ECB517AA79DEA6D68B097,77781BE8B87C4D173FFB997366105A41A8EA2033
K8BKJKSW3LG8A9FR,5ADC4DC993EB03F51487443E04C05441,70BEDEF6690ACBDCE0F399291D7E10C9,2C099A554F725A1F2F21DE99F04F08A1CD57F1E1D09474DB7FE067D1B048A4009D3782FA31E3DCD5,50C3115A6A8CCD89218F565F6063791342A65802
1VBCTD69BMOYUYNZ,CB9EBE6A4F106895DBAB591D764DCA20,78ADC96DE5B52CE8AB42C63E5DE0AE40,7C7CDC70AA0A6626C588E507C6BA9865BA9622A9095BA01AAD9C33D36D7A0833A5467484CD1615B0,E2EBFD952E803BD7EE81A7DCD0178785B664A5BA
U4DJQKSCWL5ESL96,819BADAF6D097772CAEA52745C68441C,F86F14888978B3AC1FB044DAA577C119,1349F6D02CE9CBB5B1EA2A21F21D3FE861A3972EA8053A1E4B113DF3424979E4A333DF2DAB06F595,2D46D441B48A5FF066B81C1412DA230E1082E7A4
BNQZFJE7CMXYZSEP,8F1C766A145DE52B4B9F844300EB4D3D,4C9DAFB43429A6CE5191D14F1331D66F,6C0A0E7479D1E17F67DE85A12E37B812657E88200BBB65D10CDEC0858725FB51691FEED6A8777596,05A4ED4BE6009AB8177E1D6C94DEC6CA5D175FA1
QRFF6HYIETY8OMOZ,5C803A381818AECCEC12511BB9B26EE1,20C9C224B6F784267937EFEA07C5BF96,8E6AAFE0AA43EBB73A0071FDC4190318869184F8938E2B577772DBB25429B62FD9F4F3A715CED4B0,83AF46DD0A0DC97B132AEB01DE6E809E58E51589
TL1U5NMKQSM0QPQJ,35D988C6AC268C45086F47AB6E043E32,E8CAC36A96BAE70C0F0FE60E2E06F4DB,9DF3946605B38FC9263ECB5D6EB37CB7316B7A854F9D288E2CEDF069F8F284C5B5004FBC87722809,DC100F503B54D8FF161B1A6E56739CD3951046FF
KEOTCYQSOP8GO4ZL,D263068D9278C4122065A94392973776,A235EC4805D754A6D651EBCE03C66C80,FC0CBF2397CA026915E5A9A6B6E4F630F89E38103B0C098F96F48110F9501F4845A33FED58FE51A1,101868C63F44058C795F015A04B7EDF6506B139D
FCTSELGATAV60QCD,17A461BD95C6371EDBD6A23621D9F81D,EA4CDB45F439F07FCAC54E51B820241B,6200F61A34B1EB2559DDEFDCAF2EE33110EDAB75C915D93C2AEC43A5F12F83D95929A5DAA522A102,9641ACC14A7A5B26838DAE5B4D9696281558D91E
VB7LYLRMBMSUMLO2,C369BB1FE56420A9CF2C93CBACE2B635,65F8E230ED98F9073D768AD0573F4606,BCC873E8F5D1FA496331F3C846A20D739A51F36E323A7D7F7231CCDFBC1A2319F67DB105523D7596,182F804BA04F2131AF01B1207A037B217ECF15B8
ZGSMHNBDY3MFZXCA,0D6C024B76C774E557A7B04C700CFDC5,1A31DC0E4148E21B92996DC703679718,C12556011F403E9FD31A02216DED37A77D1930880B01E74C9CD3EE5BC3E67C955EED0962438B6A38,74347096A3354FB58AB96566726C09F692ABFB37
YQRDZSJDYGHQGHEB,737EE5B34453F6E13D0A436C32CF759B,FF40A496BA1E35A23713270F9DBDF6CC,D451C021477789A68ABA041729827616A399312C51EE8F331C1CA91040B706706CBA42140154C2C7,11CC0942230F8A877F605ED64342A7A0C0847567
D3KT79PIUMSD1IN4,1877E108C763E8A83F2A466113BAD6AA,3D480D57CB239713157AC8417B309DE0,C8CD7B5A966952151443812EF3D992BE3032D28B543C0FE75B2981D42AEE90BD44F7582C24F969EF,A3C83E7E81D0AA3D2FE2570367655C220E0C8FF4
PCGB6FAOSZVXOYVF,CDBFADEB4DDACFE8AC2804938CC54129,71A73A5D8B2ABEC77C8C040249EE0BA7,304B6F90B31FA3D6D4B5DED8B176549AEEC42E02364529ACF81E8214AE4D13D1843F6C2436A95859,1B08FFE58F37EFF7FE19396D706A9C2CFE356307
YLKZV0DF8IDRX7EW,93E39066BD050D3BD9FB8631FF25E35F,BE9C5991EB730709856C3E32041A301B,618A6E8AF202A93BFCB761B9687359299D6A5B7D53949E52812B803FE00408B1B1AF6395747B4DE4,7DC46C1E51C4BDEFA31F672801026CB98A542120
NMC0LTOBGCMYBAHV,1CB813BA508150CB96B80A66F61F8E84,33D04427AA78B3E8A49D550FA18549A1,007C063BBE1D94B06EC9A663ED9E5713F40700FCDFDD07D4F7377BA1760BA6D334CAA6F9935BDFA9,D82F2AF6EBE9CC67BB511DD36B2C4BA7A97D9365
GVTFZ2M19OSDZP16,4F3264090D114578264BD43414B84FB7,33B1FF3709C79DFC60357BA7CDFF49DA,C94FD25B94473726DE906571EBF900A0F5CF2549412D81D9284F7631829D3DC8E62F66AFCFA81468,158885A6EBDB13DF157751D00F4675B21B2E3439
FW6V0RGHVT4ZT5B8,DA8205355CA2AF46CD748FB80772D819,EAE8071C44D9DCF8C6CF336E089718AB,78164A599E20E02379CFB0092774F769115B638B11ACC05AFC6879F10C480E5DE8D8F05714FE06AB,1FF22C1A7DD3B063901EC934B8884A19E40423FC
AKQL0MOEZAOMDL4M,E670B6E3621928E8B239A9AAD92666C2,90E35FD9DA536B83F983768CB661BACD,C78ED847A8B58F0933F5D81E17B92B1D6F4DC01336701686011E729F4EB37A4BB013429D747E4FA7,984E30ECB1B74B9728307FB5E460747EB379E9AE
U2LPIWSG3VAVUK6R,237A5286BB1B64FC20DC8E29BB947FCF,312384856B13107BE6C88D156AC74303,4D476789258B96AD26848AD1A7AC2B1329971E30D8DAB682512D84644734AA9AFE09A74394CAD2B7,C80CD5EB9200F3A539C065A79ACE718033C91CA4
DITMPAWTIDBHW0HZ,B2894548C897D405888DBDE5E220E4D3,D00D9AD1E804381F53EED9D1391F6EB6,253D77DF0C6AAD75F175E95FAEE5C76EC3369C782053C871F9CE8B9B74AB2E9C24B8399A28728E3D,BA16DF12A1E8ED888CB231188DA8A14E46F3B719
ZIHGO5IMA6QYUZKM,8020772AEBCE6BA2494E3F0189F5600F,D8B6AA385AC1B038A16F91AE9E0C57BC,7A9BA39AA9F37E333DD0CEDB31BBEEF7CFFCE1251E62403F658D0B4FDDDCF8E19E6868EE554DF344,9722211FA4F3DBB00AFEBBB48F27181B2682183D
PXMQTDVYBBRKQ3VF,3BCEC54C991F1FB1D3591CA2496B2B67,0C6494E406046689BCCB3197F1CCD430,70ACE2B748E177207E5E3F194EAB6C475F7BB95FF1638A564C29A8AFEBE4FFA45F76F3ECF4ABD625,4A22B559EA74BC234ACAD4A6BAA578A00DA500E0
2IGRARRAPGV6YLS9,F05882B905857207670B59E1C8ABCD6A,8E6BD6844884CB15BF82C0892472ECEA,9EEECCC05E1F30772467D44AEB06A4B316206778F542F0383933E00387BA9D7DA2CE7F7E06137AD8,5FA81EE0D833ACDB9942AFC1D78BC0AEF4E24400
HEWMCRD9ZJBJ5JPC,D452E884968A44A8DC16903C95429793,1A2279683E797C0A1B0A1EBB1FB23B99,5C2508ED6576359B75DEDC8B819359AC9CF17CF288885B1D071DD60C1D54858087645D055F68F543,106B4AF21B84531C55E854090BC2F0E50D085805
QCCMHANHHVC2VV5G,5947B1AEA800472D00638AC1BAD3DA9B,3C653DE81FE5929F860F7EE173753F94,C820F9DC88C812FECF98FD1FDF16C3D98924A29AB31797380778E9F1C1A992B5083F5D2AF0672E01,42C27ACA1777C8A2B4F9E33F14184E203C86681B
DUWN6KTQ0MTGSGRP,0A090C6130A60B4485054C25D6035933,604EBBD7D31EC5BF7E0C9352342D8B85,B180C92803A49DB362567D48B5E430F958C5A2985DF02A21A3265E7DFCE5164851CF00273F8CFA47,6EE99D5A2239240ABCF71C465FCD245939156465
LZH8LNZ9L8BHRGYG,6A8C0733CCEE877A92ACCE062BF058D7,1F38CFC9EBA78D9FFADADADE8E5963FA,8578C47B9EF970865A8837104C12C4A150C84DA02F55C664311D5CC3CB1F642805707904883AFCD6,130D8D817B49129239D80579525C66080F39BC9B
RJA5OE51BP12TZKS,BFF7B0CBCA79241651E8A47A9298964B,A876467B524A4D2014269E5379C1C11E,BDF5BF6B2F61462650A04E35E4A096781C41C238BB4F379F21CBE8655C32ADCDCE9AB55DDFF0A7D7,F0C6AADD869308A8A15BE4C44B1A888EC3AF3C49
Q4ZKTRLT24KRJY2K,D55DDA624F437AE1D90222C3AEC598E2,D10D4456214E493DFAF1A7745C11E511,F2181F2B672A5930B22674BEF88813F23A044B7AC318CADBA0340F3F619840BA09C7130209128583,09630121CA52674307B076ED5BCECA05FE0A5ED0
QFPNRB4HUQNJTRLM,0FA54EAE8A6AAD993B065C2CEE9D3E8D,9124C09868AF847A9718D19608D6ED9C,A96F42F4E3B78C89783E8380896EEC837011FF291A33086B7CFE111DE112C43D13D0BD6A3C2ABF37,2D4DFDFDA73CA803582BCB21A8656E969D796DBC
IJAVKUF3S2IXOOXM,2116FC35054CAB8D6F84EC91B22E9B01,5F9F5DFBBB240A74FFCCD7A44BCAE31C,104154F8C9A04CD23D9D878D15C5583C0851D90A2745270254206A77632AEB9DA8111BBB2791878A,3C53F27842119BACA64FD8C1CC0415F2795E9F7C
HF4Y5H86NXLPDKGB,CDA58C6C08E84C1C3A119131CC77D59B,979A65B6C44000C4BEAA83044CB22F88,72AEFD79741EC2494B749CB2540C54B6A309F63728F89246EAB4DA82929C9A2916A5FAD1C6D3FF61,863C4B56844AE4A1B4A45F7309763CCC14C0A2B6
RZDSF4RW8O0O4FXD,4C44E08DA776C67F44A56B37EA2F9001,B78653BE859B725A4CCDA18D49B65191,864C0FB46652A5E776FEF31AC00C42ED61920C0D6F3D1F62AC80A73324404C2D2DFF1E693527751B,2D99E54D200582806A4A423A2E02919EAE55CEED
EP49FPVKN4JOKDGZ,02BAC505419481AF363C80B4F19700ED,06D09AC6E24A6E7C7A35BC45DBFFD0B9,8DFCAC3F19A62C36C3895DDDAE425944F7200F3F4EBAA04D5F1AA73019B0496FF1C7580F9DAA5D19,7EEACE1F6984A8F1F43BDA7641D28813FE8F47D3
DKLQPKEYTX1WD7AZ,7E2EA6FDF48F39FCBD7684B2813FCFFA,81FDDFE24C6E6439BAA87BCC844F8D8A,2C173BCE0574A738D24BD3289770A4B537F7DA361867C417C0361D02D477A7553740B16B8EF7813A,77AE4885AF080B0329F2ADE1B673C566D815D94E
9IYWLC7FUQQZHO4I,25DC8478F8B28183494A92C7EA68B21C,C458B383F8CB3086EA67A57276BF6E0E,69A536EC0AEABF4564641B6DF3D915DFA4C2EFB88D9FF561C53B701D25465CBE12A97C06C494C447,17D6B468E8F024D038F5F831336A0FA0A434B4BC
JLQU7PG29D22YLTY,7624A43C9BE23128DBF34718F560B917,EF0D1E488832988D992EE00B1E294DA4,FD2E44288AFB883A1B3633E91D7A1C473E5164E583F87AABBD524CF3109591B0BCD4284A96D8F7D8,131A85E91F5150F23138B44498928B3930A33079
B0FYVM6QMJZK4V1D,C3CBB810B66E1D15D8F9D77DDADE64D7,A88DEDE2805943DADB614EB4BDB308D4,3CC5DD09C52FB248E129A1BAE774A07130486EA8F5E9C2233945432A30653338955AB2E7689A7642,D1F159D61BA569C270B5C043D02509B670902D78
MZJ7CTDWEG06TDCW,7444B78E666719FD6F4AF841B5323457,7EC40ADC55E0BEB7BDEA660C64C3485D,093B521A81EEAFD56FCEE8A97B65B55D7019D38D034B424343D0FE3878EF4DA8A368B91FAD031129,9161AF32EA39009587AC028D70894E957A6A185C
JJQXJNFTCBDVJAEJ,AC26DA4BAA062146553B088CDF74F566,3BC137793170EC8653ABC84FFB798FA6,2833228B1FA836F66CE4139F136A6E237C4C1CDB518572182465944DE35F9065DC70358F3FCEC161,DAF0640418EF3D933EE5B4D273CB046F611994AB
8SSNG1EYLP3CZ49V,307CEC2601F9D101FC14F5794001647D,359DFDE2C207F3B0C462771FDE7EDD9B,CCE25274A96CA9313B40401340159D799A59A2881257E0FE4A3D1358C4C99A340551EBDC9A85F009,16EDA2E5A72AE66E24E7CBBCEF88585E763E2560
8T0MWV1AA4RPUG7T,B708F812755CF658A5AF32E174929CD0,AC73A325558437D574999BFD71771A14,E4806CDDF1A1A825A0399CE920CD9566925379996C7F09398B84BD038FA61F15828A08E73762433E,862CEF79D83F88AAEC8ECF3616DF58A705C36B12
